id,file,date,session,gender,format,nat,start_no,pilot,brakeman,run,status,start_time,int1,int2,int3,int4,finish,speed,athlete_id,temp_avg,air_temp,humidity_pct,pressure_hpa,dewpoint_c,wind_speed_ms,seg1,seg2,seg3,seg4,seg5,is_normal
1,Result_168097.pdf,2017-03-18,BMW IBSF World Cup 2016/17 PyeongChang 2-man,M,OFFICIAL,GER,6,FRIEDRICH Francesco,MARGIS Thorsten,1,OK,4.89,14.28,23.05,33.16,39.51,50.24,134.9,,,,,,,,,,,,,
2,Result_168097.pdf,2017-03-18,BMW IBSF World Cup 2016/17 PyeongChang 2-man,M,OFFICIAL,GER,6,FRIEDRICH Francesco,MARGIS Thorsten,2,OK,4.86,14.25,23.13,33.33,39.73,50.58,133.4,,,,,,,,,,,,,
3,Result_168097.pdf,2017-03-18,BMW IBSF World Cup 2016/17 PyeongChang 2-man,M,OFFICIAL,LAT,8,KIBERMANIS Oskars,MIKNIS Matiss,1,OK,4.9,14.35,23.14,33.29,39.67,50.46,132.2,,,,,,,,,,,,,
4,Result_168097.pdf,2017-03-18,BMW IBSF World Cup 2016/17 PyeongChang 2-man,M,OFFICIAL,LAT,8,KIBERMANIS Oskars,MIKNIS Matiss,2,OK,4.88,14.32,23.14,33.34,39.76,50.66,130.6,,,,,,,,,,,,,
5,Result_168097.pdf,2017-03-18,BMW IBSF World Cup 2016/17 PyeongChang 2-man,M,OFFICIAL,GER,12,LOCHNER Johannes,BLUHM Joshua,1,OK,4.95,14.41,23.27,33.48,39.89,50.66,133.3,,,,,,,,,,,,,
6,Result_168097.pdf,2017-03-18,BMW IBSF World Cup 2016/17 PyeongChang 2-man,M,OFFICIAL,GER,12,LOCHNER Johannes,BLUHM Joshua,2,OK,4.94,14.39,23.26,33.48,39.83,50.5,134.7,,,,,,,,,,,,,
7,Result_168097.pdf,2017-03-18,BMW IBSF World Cup 2016/17 PyeongChang 2-man,M,OFFICIAL,CAN,22,POLONIATO Nick,BROWN Lascelles,1,OK,4.97,14.46,23.26,33.41,39.77,50.6,130.9,,,,,,,,,,,,,
8,Result_168097.pdf,2017-03-18,BMW IBSF World Cup 2016/17 PyeongChang 2-man,M,OFFICIAL,CAN,22,POLONIATO Nick,BROWN Lascelles,2,OK,4.94,14.39,23.19,33.34,39.73,50.61,130.5,,,,,,,,,,,,,
9,Result_168097.pdf,2017-03-18,BMW IBSF World Cup 2016/17 PyeongChang 2-man,M,OFFICIAL,KOR,9,WON Yunjong,SEO Youngwoo,1,OK,4.94,14.39,23.2,33.33,39.68,50.44,132.6,,,,,,,,,,,,,
10,Result_168097.pdf,2017-03-18,BMW IBSF World Cup 2016/17 PyeongChang 2-man,M,OFFICIAL,KOR,9,WON Yunjong,SEO Youngwoo,2,OK,4.95,14.42,23.26,33.46,39.86,50.78,131.2,,,,,,,,,,,,,
11,Result_168097.pdf,2017-03-18,BMW IBSF World Cup 2016/17 PyeongChang 2-man,M,OFFICIAL,USA,18,OLSEN Justin,WEINSTOCK Evan,1,OK,4.89,14.32,23.11,33.28,39.69,50.57,132.2,,,,,,,,,,,,,
12,Result_168097.pdf,2017-03-18,BMW IBSF World Cup 2016/17 PyeongChang 2-man,M,OFFICIAL,USA,18,OLSEN Justin,WEINSTOCK Evan,2,OK,4.87,14.3,23.15,33.36,39.77,50.71,131.1,,,,,,,,,,,,,
13,Result_168097.pdf,2017-03-18,BMW IBSF World Cup 2016/17 PyeongChang 2-man,M,OFFICIAL,CAN,21,SPRING Christopher,WRIGHT Neville,1,OK,4.97,14.48,23.3,33.42,39.76,50.52,133.5,,,,,,,,,,,,,
14,Result_168097.pdf,2017-03-18,BMW IBSF World Cup 2016/17 PyeongChang 2-man,M,OFFICIAL,CAN,21,SPRING Christopher,WRIGHT Neville,2,OK,4.96,14.41,23.26,33.48,39.9,50.82,131.6,,,,,,,,,,,,,
15,Result_168097.pdf,2017-03-18,BMW IBSF World Cup 2016/17 PyeongChang 2-man,M,OFFICIAL,CAN,10,KRIPPS Justin,LUMSDEN Jesse,1,OK,4.99,14.5,23.38,33.57,39.94,50.78,132.1,,,,,,,,,,,,,
16,Result_168097.pdf,2017-03-18,BMW IBSF World Cup 2016/17 PyeongChang 2-man,M,OFFICIAL,CAN,10,KRIPPS Justin,LUMSDEN Jesse,2,OK,4.97,14.43,23.25,33.41,39.76,50.57,132.0,,,,,,,,,,,,,
17,Result_168097.pdf,2017-03-18,BMW IBSF World Cup 2016/17 PyeongChang 2-man,M,OFFICIAL,LAT,16,ZALIMS Ugis,JANSONS Janis,1,OK,4.96,14.47,23.32,33.5,39.9,50.77,132.3,,,,,,,,,,,,,
18,Result_168097.pdf,2017-03-18,BMW IBSF World Cup 2016/17 PyeongChang 2-man,M,OFFICIAL,LAT,16,ZALIMS Ugis,JANSONS Janis,2,OK,4.94,14.39,23.22,33.39,39.77,50.65,132.0,,,,,,,,,,,,,
19,Result_168097.pdf,2017-03-18,BMW IBSF World Cup 2016/17 PyeongChang 2-man,M,OFFICIAL,USA,28,BASCUE Codie,MOREIRA Lou,1,OK,5.06,14.61,23.46,33.63,39.99,50.8,133.0,,,,,,,,,,,,,
20,Result_168097.pdf,2017-03-18,BMW IBSF World Cup 2016/17 PyeongChang 2-man,M,OFFICIAL,USA,28,BASCUE Codie,MOREIRA Lou,2,OK,5.07,14.61,23.44,33.57,39.91,50.67,133.2,,,,,,,,,,,,,
21,Result_168097.pdf,2017-03-18,BMW IBSF World Cup 2016/17 PyeongChang 2-man,M,OFFICIAL,GER,17,WALTHER Nico,KORONA Kevin,1,OK,5.06,14.6,23.44,33.63,39.99,50.74,133.1,,,,,,,,,,,,,
22,Result_168097.pdf,2017-03-18,BMW IBSF World Cup 2016/17 PyeongChang 2-man,M,OFFICIAL,GER,17,WALTHER Nico,KORONA Kevin,2,OK,5.05,14.56,23.39,33.58,39.94,50.75,132.7,,,,,,,,,,,,,
23,Result_168097.pdf,2017-03-18,BMW IBSF World Cup 2016/17 PyeongChang 2-man,M,OFFICIAL,LAT,1,MELBARDIS Oskars,STRENGA Janis,1,OK,4.92,14.36,23.15,33.32,39.72,50.59,132.4,,,,,,,,,,,,,
24,Result_168097.pdf,2017-03-18,BMW IBSF World Cup 2016/17 PyeongChang 2-man,M,OFFICIAL,LAT,1,MELBARDIS Oskars,STRENGA Janis,2,OK,4.92,14.39,23.3,33.54,40.0,50.98,130.7,,,,,,,,,,,,,
25,Result_168097.pdf,2017-03-18,BMW IBSF World Cup 2016/17 PyeongChang 2-man,M,OFFICIAL,USA,14,HOLCOMB Steven,VALDES Carlo,1,OK,5.06,14.62,23.49,33.64,40.02,50.78,134.5,,,,,,,,,,,,,
26,Result_168097.pdf,2017-03-18,BMW IBSF World Cup 2016/17 PyeongChang 2-man,M,OFFICIAL,USA,14,HOLCOMB Steven,VALDES Carlo,2,OK,5.04,14.57,23.46,33.66,40.05,50.87,134.4,,,,,,,,,,,,,
27,Result_168097.pdf,2017-03-18,BMW IBSF World Cup 2016/17 PyeongChang 2-man,M,OFFICIAL,CZE,25,DVORAK Dominik,NOSEK Jakub,1,OK,4.99,14.49,23.38,33.6,40.0,50.83,,,,,,,,,,,,,,
28,Result_168097.pdf,2017-03-18,BMW IBSF World Cup 2016/17 PyeongChang 2-man,M,OFFICIAL,CZE,25,DVORAK Dominik,NOSEK Jakub,2,OK,4.97,14.45,23.28,33.48,39.91,50.83,128.5,,,,,,,,,,,,,
29,Result_168097.pdf,2017-03-18,BMW IBSF World Cup 2016/17 PyeongChang 2-man,M,OFFICIAL,POL,27,LUTY Mateusz,TYLKOWSKI Krzysztof,1,OK,5.04,14.56,23.38,33.57,39.95,50.84,131.2,,,,,,,,,,,,,
30,Result_168097.pdf,2017-03-18,BMW IBSF World Cup 2016/17 PyeongChang 2-man,M,OFFICIAL,POL,27,LUTY Mateusz,TYLKOWSKI Krzysztof,2,OK,5.04,14.55,23.37,33.54,39.95,50.92,131.0,,,,,,,,,,,,,
31,Result_168097.pdf,2017-03-18,BMW IBSF World Cup 2016/17 PyeongChang 2-man,M,OFFICIAL,SUI,26,HEFTI Beat,FERRARI Sandro,1,OK,5.05,14.59,23.46,33.68,40.07,50.92,,,,,,,,,,,,,,
32,Result_168097.pdf,2017-03-18,BMW IBSF World Cup 2016/17 PyeongChang 2-man,M,OFFICIAL,SUI,26,HEFTI Beat,FERRARI Sandro,2,OK,5.04,14.55,23.38,33.58,40.0,50.9,,,,,,,,,,,,,,
33,Result_168097.pdf,2017-03-18,BMW IBSF World Cup 2016/17 PyeongChang 2-man,M,OFFICIAL,GBR,32,HALL Brad,SIMONS Ben,1,OK,5.01,14.52,23.36,33.56,39.97,50.92,131.6,,,,,,,,,,,,,
34,Result_168097.pdf,2017-03-18,BMW IBSF World Cup 2016/17 PyeongChang 2-man,M,OFFICIAL,GBR,32,HALL Brad,SIMONS Ben,2,OK,5.01,14.51,23.34,33.54,39.95,50.91,131.6,,,,,,,,,,,,,
35,Result_168097.pdf,2017-03-18,BMW IBSF World Cup 2016/17 PyeongChang 2-man,M,OFFICIAL,GBR,20,TASKER Bruce,OLUBI Toby,1,OK,4.96,14.44,23.28,33.48,39.89,50.85,131.2,,,,,,,,,,,,,
36,Result_168097.pdf,2017-03-18,BMW IBSF World Cup 2016/17 PyeongChang 2-man,M,OFFICIAL,GBR,20,TASKER Bruce,OLUBI Toby,2,OK,4.93,14.39,23.27,33.53,39.97,50.99,130.9,,,,,,,,,,,,,
37,Result_168097.pdf,2017-03-18,BMW IBSF World Cup 2016/17 PyeongChang 2-man,M,OFFICIAL,KOR,19,KIM Donghyun,JUN Junglin,1,OK,4.99,14.51,23.38,33.6,40.0,50.84,133.4,,,,,,,,,,,,,
38,Result_168097.pdf,2017-03-18,BMW IBSF World Cup 2016/17 PyeongChang 2-man,M,OFFICIAL,KOR,19,KIM Donghyun,JUN Junglin,2,OK,5.03,14.6,23.48,33.7,40.14,51.08,132.0,,,,,,,,,,,,,
39,Result_168097.pdf,2017-03-18,BMW IBSF World Cup 2016/17 PyeongChang 2-man,M,OFFICIAL,MON,23,RINALDI Rudy,VAIN Boris,1,OK,5.04,14.58,23.43,33.59,40.0,50.93,130.8,,,,,,,,,,,,,
40,Result_168097.pdf,2017-03-18,BMW IBSF World Cup 2016/17 PyeongChang 2-man,M,OFFICIAL,SUI,11,PETER Rico,BAUMANN Alex,1,OK,5.04,14.56,23.42,33.66,40.1,50.98,131.9,,,,,,,,,,,,,
41,Result_168097.pdf,2017-03-18,BMW IBSF World Cup 2016/17 PyeongChang 2-man,M,OFFICIAL,RUS,24,ANDRIANOV Maxim,MORDASOV Mikhail,1,OK,5.08,14.62,23.47,33.68,40.1,51.0,132.9,,,,,,,,,,,,,
42,Result_168097.pdf,2017-03-18,BMW IBSF World Cup 2016/17 PyeongChang 2-man,M,OFFICIAL,BRA,3,BINDILATTI Edson Luques,MARTINS Edson Ricardo,1,OK,5.1,14.64,23.46,33.65,40.08,51.07,129.6,,,,,,,,,,,,,
43,Result_168097.pdf,2017-03-18,BMW IBSF World Cup 2016/17 PyeongChang 2-man,M,OFFICIAL,AUT,13,MAIER Benjamin,SAMMER Markus,1,OK,4.97,14.44,23.3,33.57,40.05,51.07,130.7,,,,,,,,,,,,,
44,Result_168097.pdf,2017-03-18,BMW IBSF World Cup 2016/17 PyeongChang 2-man,M,OFFICIAL,ITA,4,BAUMGARTNER Patrick,VARIOLA Mattia,1,OK,5.14,14.7,23.54,33.74,40.17,51.12,51.12,,,,,,,,,,,,,
45,Result_168097.pdf,2017-03-18,BMW IBSF World Cup 2016/17 PyeongChang 2-man,M,OFFICIAL,NED,5,de BRUIN Ivo,VEENKER Dennis,1,OK,5.15,14.73,23.58,33.81,40.27,51.23,51.23,,,,,,,,,,,,,
46,Result_168097.pdf,2017-03-18,BMW IBSF World Cup 2016/17 PyeongChang 2-man,M,OFFICIAL,AUS,2,MATA Lucas,REIDY Lachlan,1,OK,5.19,14.79,23.62,33.84,40.32,51.31,131.0,,,,,,,,,,,,,
47,Result_168097.pdf,2017-03-18,BMW IBSF World Cup 2016/17 PyeongChang 2-man,M,OFFICIAL,AUT,30,TREICHL Markus,GLUECK Markus,1,OK,5.08,14.63,23.62,33.99,40.53,51.69,51.69,,,,,,,,,,,,,
48,Result_168097.pdf,2017-03-18,BMW IBSF World Cup 2016/17 PyeongChang 2-man,M,OFFICIAL,CZE,31,VRBA Jan,SUCHY Dominik,1,OK,5.01,14.61,23.66,34.05,40.6,51.79,51.79,,,,,,,,,,,,,
49,Result_168097.pdf,2017-03-18,BMW IBSF World Cup 2016/17 PyeongChang 2-man,M,OFFICIAL,ITA,29,BERTAZZO Simone,FONTANA Simone,1,DNS,,,,,,,,,,,,,,,,,,,,
50,Result_168097.pdf,2017-03-18,BMW IBSF World Cup 2016/17 PyeongChang 2-man,M,OFFICIAL,RUS,15,STULNEV Alexey,BELUGIN Maxim,1,DSQ,,,,,,,,,,,,,,,,,,,,
51,Result_168097.pdf,2017-03-18,BMW IBSF World Cup 2016/17 PyeongChang 2-man,M,OFFICIAL,RUS,7,KASJANOV Alexander,PUSHKAREV Aleksei,1,DSQ,,,,,,,,,,,,,,,,,,,,
52,Result_168098.pdf,2017-03-18,BMW IBSF World Cup 2016/17 PyeongChang Women,W,OFFICIAL,USA,6,GREUBEL POSER Jamie,EVANS Aja,1,OK,5.29,15.0,23.95,34.26,40.75,51.79,130.2,,,,,,,,,,,,,
53,Result_168098.pdf,2017-03-18,BMW IBSF World Cup 2016/17 PyeongChang Women,W,OFFICIAL,USA,6,GREUBEL POSER Jamie,EVANS Aja,2,OK,5.3,14.98,23.91,34.22,40.74,51.86,129.48,,,,,,,,,,,,,
54,Result_168098.pdf,2017-03-18,BMW IBSF World Cup 2016/17 PyeongChang Women,W,OFFICIAL,USA,10,MEYERS TAYLOR Elana,JONES Lolo,1,OK,5.28,14.95,23.86,34.18,40.67,51.71,130.95,,,,,,,,,,,,,
55,Result_168098.pdf,2017-03-18,BMW IBSF World Cup 2016/17 PyeongChang Women,W,OFFICIAL,USA,10,MEYERS TAYLOR Elana,JONES Lolo,2,OK,5.25,14.94,23.97,34.36,40.91,52.09,130.19,,,,,,,,,,,,,
56,Result_168098.pdf,2017-03-18,BMW IBSF World Cup 2016/17 PyeongChang Women,W,OFFICIAL,CAN,9,RISSLING Alysia,APPIAH Cynthia,1,OK,5.37,15.11,24.09,34.47,41.0,52.1,129.8,,,,,,,,,,,,,
57,Result_168098.pdf,2017-03-18,BMW IBSF World Cup 2016/17 PyeongChang Women,W,OFFICIAL,CAN,9,RISSLING Alysia,APPIAH Cynthia,2,OK,5.33,15.03,23.99,34.33,40.85,51.96,129.57,,,,,,,,,,,,,
58,Result_168098.pdf,2017-03-18,BMW IBSF World Cup 2016/17 PyeongChang Women,W,OFFICIAL,GER,13,JAMANKA Mariama,DRAZEK Annika,1,OK,5.36,15.05,23.96,34.29,40.83,51.94,129.36,,,,,,,,,,,,,
59,Result_168098.pdf,2017-03-18,BMW IBSF World Cup 2016/17 PyeongChang Women,W,OFFICIAL,GER,13,JAMANKA Mariama,DRAZEK Annika,2,OK,5.34,15.06,24.08,34.49,41.05,52.19,,,,,,,,,,,,,,
60,Result_168098.pdf,2017-03-18,BMW IBSF World Cup 2016/17 PyeongChang Women,W,OFFICIAL,CAN,14,HUMPHRIES Kaillie,LOTHOLZ Melissa,1,OK,5.39,15.13,24.11,34.49,41.05,52.21,129.98,,,,,,,,,,,,,
61,Result_168098.pdf,2017-03-18,BMW IBSF World Cup 2016/17 PyeongChang Women,W,OFFICIAL,CAN,14,HUMPHRIES Kaillie,LOTHOLZ Melissa,2,OK,5.39,15.11,24.08,34.42,40.92,51.96,131.19,,,,,,,,,,,,,
62,Result_168098.pdf,2017-03-18,BMW IBSF World Cup 2016/17 PyeongChang Women,W,OFFICIAL,RUS,7,SERGEEVA Nadezhda,KOHCHERZHOVA Anastasia,1,OK,5.4,15.16,24.13,34.51,41.06,52.18,129.4,,,,,,,,,,,,,
63,Result_168098.pdf,2017-03-18,BMW IBSF World Cup 2016/17 PyeongChang Women,W,OFFICIAL,RUS,7,SERGEEVA Nadezhda,KOHCHERZHOVA Anastasia,2,OK,5.37,15.08,24.02,34.36,40.87,52.0,129.4,,,,,,,,,,,,,
64,Result_168098.pdf,2017-03-18,BMW IBSF World Cup 2016/17 PyeongChang Women,W,OFFICIAL,GER,21,SCHNEIDER Stephanie,BUCKWITZ Lisa Marie,1,OK,5.45,15.24,24.26,34.64,41.18,52.26,129.19,,,,,,,,,,,,,
65,Result_168098.pdf,2017-03-18,BMW IBSF World Cup 2016/17 PyeongChang Women,W,OFFICIAL,GER,21,SCHNEIDER Stephanie,BUCKWITZ Lisa Marie,2,OK,5.42,15.17,24.18,34.57,41.1,52.2,129.56,,,,,,,,,,,,,
66,Result_168098.pdf,2017-03-18,BMW IBSF World Cup 2016/17 PyeongChang Women,W,OFFICIAL,BEL,5,VANNIEUWENHUYSE An,VERCRUYSSEN Sophie,1,OK,5.57,15.38,24.35,34.71,41.21,52.29,129.19,,,,,,,,,,,,,
67,Result_168098.pdf,2017-03-18,BMW IBSF World Cup 2016/17 PyeongChang Women,W,OFFICIAL,BEL,5,VANNIEUWENHUYSE An,VERCRUYSSEN Sophie,2,OK,5.56,15.34,24.31,34.65,41.15,52.24,129.49,,,,,,,,,,,,,
68,Result_168098.pdf,2017-03-18,BMW IBSF World Cup 2016/17 PyeongChang Women,W,OFFICIAL,ROU,2,GRECU Andreea,HALAI Erika Anett,1,OK,5.45,15.23,24.21,34.54,41.08,52.22,,,,,,,,,,,,,,
69,Result_168098.pdf,2017-03-18,BMW IBSF World Cup 2016/17 PyeongChang Women,W,OFFICIAL,ROU,2,GRECU Andreea,HALAI Erika Anett,2,OK,5.46,15.26,24.27,34.67,41.24,52.42,,,,,,,,,,,,,,
70,Result_168098.pdf,2017-03-18,BMW IBSF World Cup 2016/17 PyeongChang Women,W,OFFICIAL,SUI,18,HAFNER Sabina,REBSAMEN Rahel,1,OK,5.58,15.39,24.35,34.68,41.23,52.39,,,,,,,,,,,,,,
71,Result_168098.pdf,2017-03-18,BMW IBSF World Cup 2016/17 PyeongChang Women,W,OFFICIAL,SUI,18,HAFNER Sabina,REBSAMEN Rahel,2,OK,5.56,15.36,24.3,34.61,41.16,52.31,129.13,,,,,,,,,,,,,
72,Result_168098.pdf,2017-03-18,BMW IBSF World Cup 2016/17 PyeongChang Women,W,OFFICIAL,USA,11,REINBOLT Brittany,GIBBS Lauren,1,OK,5.4,15.15,24.16,34.56,41.15,52.4,128.78,,,,,,,,,,,,,
73,Result_168098.pdf,2017-03-18,BMW IBSF World Cup 2016/17 PyeongChang Women,W,OFFICIAL,USA,11,REINBOLT Brittany,GIBBS Lauren,2,OK,5.43,15.2,24.19,34.6,41.18,52.39,129.26,,,,,,,,,,,,,
74,Result_168098.pdf,2017-03-18,BMW IBSF World Cup 2016/17 PyeongChang Women,W,OFFICIAL,AUT,8,HENGSTER Christina,DEKKER Sanne Monique,1,OK,5.51,15.33,24.35,34.75,41.3,52.42,129.8,,,,,,,,,,,,,
75,Result_168098.pdf,2017-03-18,BMW IBSF World Cup 2016/17 PyeongChang Women,W,OFFICIAL,AUT,8,HENGSTER Christina,DEKKER Sanne Monique,2,OK,5.51,15.32,24.34,34.69,41.24,52.38,129.54,,,,,,,,,,,,,
76,Result_168098.pdf,2017-03-18,BMW IBSF World Cup 2016/17 PyeongChang Women,W,OFFICIAL,RUS,15,RODIONOVA Aleksandra,MAMEDOVA Elena,1,OK,5.54,15.38,24.38,34.76,41.3,52.44,130.13,,,,,,,,,,,,,
77,Result_168098.pdf,2017-03-18,BMW IBSF World Cup 2016/17 PyeongChang Women,W,OFFICIAL,RUS,15,RODIONOVA Aleksandra,MAMEDOVA Elena,2,OK,5.52,15.37,24.38,34.75,41.27,52.38,129.54,,,,,,,,,,,,,
78,Result_168098.pdf,2017-03-18,BMW IBSF World Cup 2016/17 PyeongChang Women,W,OFFICIAL,BEL,12,WILLEMSEN Elfje,AERTS Sara,1,OK,5.61,15.43,24.41,34.76,41.28,52.42,128.73,,,,,,,,,,,,,
79,Result_168098.pdf,2017-03-18,BMW IBSF World Cup 2016/17 PyeongChang Women,W,OFFICIAL,BEL,12,WILLEMSEN Elfje,AERTS Sara,2,OK,5.64,15.48,24.47,34.82,41.33,52.42,129.1,,,,,,,,,,,,,
80,Result_168098.pdf,2017-03-18,BMW IBSF World Cup 2016/17 PyeongChang Women,W,OFFICIAL,GER,4,SENKEL Christin,STRACK Ann-Christin,1,OK,5.41,15.15,24.15,34.58,41.17,52.35,129.1,,,,,,,,,,,,,
81,Result_168098.pdf,2017-03-18,BMW IBSF World Cup 2016/17 PyeongChang Women,W,OFFICIAL,GER,4,SENKEL Christin,STRACK Ann-Christin,2,OK,5.42,15.19,24.21,34.67,41.3,52.57,128.29,,,,,,,,,,,,,
82,Result_168098.pdf,2017-03-18,BMW IBSF World Cup 2016/17 PyeongChang Women,W,OFFICIAL,JPN,1,OSHIGIRI Maria,KIMISHIMA Arisa,1,OK,5.46,15.21,24.19,34.57,41.1,52.27,,,,,,,,,,,,,,
83,Result_168098.pdf,2017-03-18,BMW IBSF World Cup 2016/17 PyeongChang Women,W,OFFICIAL,JPN,1,OSHIGIRI Maria,KIMISHIMA Arisa,2,OK,5.45,15.25,24.33,34.81,41.42,52.74,,,,,,,,,,,,,,
84,Result_168098.pdf,2017-03-18,BMW IBSF World Cup 2016/17 PyeongChang Women,W,OFFICIAL,CAN,16,de BRUIN Christine,THIBAULT Genevieve,1,OK,5.58,15.44,24.49,34.98,41.55,52.76,129.1,,,,,,,,,,,,,
85,Result_168098.pdf,2017-03-18,BMW IBSF World Cup 2016/17 PyeongChang Women,W,OFFICIAL,CAN,16,de BRUIN Christine,THIBAULT Genevieve,2,OK,5.57,15.45,24.53,35.02,41.61,52.86,128.7,,,,,,,,,,,,,
86,Result_168098.pdf,2017-03-18,BMW IBSF World Cup 2016/17 PyeongChang Women,W,OFFICIAL,KOR,17,KIM Yooran,KIM Minseong,1,OK,5.66,15.57,24.7,35.2,41.82,53.06,128.3,,,,,,,,,,,,,
87,Result_168098.pdf,2017-03-18,BMW IBSF World Cup 2016/17 PyeongChang Women,W,OFFICIAL,KOR,17,KIM Yooran,KIM Minseong,2,OK,5.66,15.55,24.65,35.08,41.64,52.73,129.76,,,,,,,,,,,,,
88,Result_168098.pdf,2017-03-18,BMW IBSF World Cup 2016/17 PyeongChang Women,W,OFFICIAL,JPN,22,ASAZU Konomi,SAKAUCHI Mutumi,1,OK,5.59,15.46,24.51,35.0,41.64,52.99,128.29,,,,,,,,,,,,,
89,Result_168098.pdf,2017-03-18,BMW IBSF World Cup 2016/17 PyeongChang Women,W,OFFICIAL,JPN,22,ASAZU Konomi,SAKAUCHI Mutumi,2,OK,5.57,15.39,24.41,34.84,41.47,52.84,128.28,,,,,,,,,,,,,
90,Result_168098.pdf,2017-03-18,BMW IBSF World Cup 2016/17 PyeongChang Women,W,OFFICIAL,KOR,19,LEE Seonhye,SHIN Miran,1,OK,5.8,15.73,24.81,35.3,41.93,53.21,128.69,,,,,,,,,,,,,
91,Result_168098.pdf,2017-03-18,BMW IBSF World Cup 2016/17 PyeongChang Women,W,OFFICIAL,KOR,19,LEE Seonhye,SHIN Miran,2,OK,5.78,15.72,24.82,35.29,41.88,53.11,129.32,,,,,,,,,,,,,
92,Result_168098.pdf,2017-03-18,BMW IBSF World Cup 2016/17 PyeongChang Women,W,OFFICIAL,AUT,20,BEIERL Katrin,ONASANYA J.J.O.D.,1,OK,5.42,15.27,24.52,35.13,41.81,53.26,53.26,,,,,,,,,,,,,
93,Result_168098.pdf,2017-03-18,BMW IBSF World Cup 2016/17 PyeongChang Women,W,OFFICIAL,ROU,3,CONSTANTIN Maria Adela,VILD Olivia Franciska,1,OK,6.05,16.12,25.2,35.65,42.21,53.37,53.37,,,,,,,,,,,,,
94,Result_192800.pdf,2018-02-19,2018 PyeongChang Olympics 2-man,M,OFFICIAL,CAN,6,KRIPPS Justin,KOPACZ Alexander,1,OK,4.93,14.34,22.99,32.86,38.97,49.1,135.8,,,,,,,,,,,,,
95,Result_192800.pdf,2018-02-19,2018 PyeongChang Olympics 2-man,M,OFFICIAL,CAN,6,KRIPPS Justin,KOPACZ Alexander,2,OK,4.93,14.36,23.06,33.0,39.17,49.39,134.4,,,,,,,,,,,,,
96,Result_192800.pdf,2018-02-19,2018 PyeongChang Olympics 2-man,M,OFFICIAL,CAN,6,KRIPPS Justin,KOPACZ Alexander,3,OK,4.93,14.34,22.96,32.82,38.94,49.09,135.7,,,,,,,,,,,,,
97,Result_192800.pdf,2018-02-19,2018 PyeongChang Olympics 2-man,M,OFFICIAL,CAN,6,KRIPPS Justin,KOPACZ Alexander,4,OK,4.92,14.34,23.0,32.91,39.06,49.28,134.8,,,,,,,,,,,,,
98,Result_192800.pdf,2018-02-19,2018 PyeongChang Olympics 2-man,M,OFFICIAL,GER,7,FRIEDRICH Francesco,MARGIS Thorsten,1,OK,4.86,14.25,22.98,32.9,39.06,49.22,135.8,,,,,,,,,,,,,
99,Result_192800.pdf,2018-02-19,2018 PyeongChang Olympics 2-man,M,OFFICIAL,GER,7,FRIEDRICH Francesco,MARGIS Thorsten,2,OK,4.85,14.23,23.03,33.05,39.23,49.46,135.2,,,,,,,,,,,,,
100,Result_192800.pdf,2018-02-19,2018 PyeongChang Olympics 2-man,M,OFFICIAL,GER,7,FRIEDRICH Francesco,MARGIS Thorsten,3,OK,4.88,14.25,22.89,32.75,38.86,48.96,137.0,,,,,,,,,,,,,
101,Result_192800.pdf,2018-02-19,2018 PyeongChang Olympics 2-man,M,OFFICIAL,GER,7,FRIEDRICH Francesco,MARGIS Thorsten,4,OK,4.85,14.23,22.92,32.86,39.03,49.22,135.8,,,,,,,,,,,,,
102,Result_192800.pdf,2018-02-19,2018 PyeongChang Olympics 2-man,M,OFFICIAL,LAT,13,MELBARDIS Oskars,STRENGA Janis,1,OK,4.9,14.31,22.96,32.83,38.95,49.08,136.9,,,,,,,,,,,,,
103,Result_192800.pdf,2018-02-19,2018 PyeongChang Olympics 2-man,M,OFFICIAL,LAT,13,MELBARDIS Oskars,STRENGA Janis,2,OK,4.92,14.37,23.17,33.16,39.33,49.54,135.9,,,,,,,,,,,,,
104,Result_192800.pdf,2018-02-19,2018 PyeongChang Olympics 2-man,M,OFFICIAL,LAT,13,MELBARDIS Oskars,STRENGA Janis,3,OK,4.92,14.32,22.98,32.87,38.97,49.08,137.0,,,,,,,,,,,,,
105,Result_192800.pdf,2018-02-19,2018 PyeongChang Olympics 2-man,M,OFFICIAL,LAT,13,MELBARDIS Oskars,STRENGA Janis,4,OK,4.92,14.33,22.99,32.9,39.03,49.21,136.4,,,,,,,,,,,,,
106,Result_192800.pdf,2018-02-19,2018 PyeongChang Olympics 2-man,M,OFFICIAL,GER,11,WALTHER Nico,POSER Christian,1,OK,5.01,14.45,23.12,33.0,39.09,49.12,137.7,,,,,,,,,,,,,
107,Result_192800.pdf,2018-02-19,2018 PyeongChang Olympics 2-man,M,OFFICIAL,GER,11,WALTHER Nico,POSER Christian,2,OK,5.0,14.45,23.14,33.05,39.17,49.27,136.6,,,,,,,,,,,,,
108,Result_192800.pdf,2018-02-19,2018 PyeongChang Olympics 2-man,M,OFFICIAL,GER,11,WALTHER Nico,POSER Christian,3,OK,5.05,14.52,23.2,33.09,39.19,49.32,136.4,,,,,,,,,,,,,
109,Result_192800.pdf,2018-02-19,2018 PyeongChang Olympics 2-man,M,OFFICIAL,GER,11,WALTHER Nico,POSER Christian,4,OK,5.03,14.49,23.18,33.09,39.21,49.35,136.5,,,,,,,,,,,,,
110,Result_192800.pdf,2018-02-19,2018 PyeongChang Olympics 2-man,M,OFFICIAL,GER,10,LOCHNER Johannes,WEBER Christopher,1,OK,4.94,14.38,23.06,32.95,39.09,49.24,136.8,,,,,,,,,,,,,
111,Result_192800.pdf,2018-02-19,2018 PyeongChang Olympics 2-man,M,OFFICIAL,GER,10,LOCHNER Johannes,WEBER Christopher,2,OK,4.94,14.36,23.05,32.97,39.13,49.34,135.9,,,,,,,,,,,,,
112,Result_192800.pdf,2018-02-19,2018 PyeongChang Olympics 2-man,M,OFFICIAL,GER,10,LOCHNER Johannes,WEBER Christopher,3,OK,4.94,14.35,23.01,32.89,38.99,49.09,137.3,,,,,,,,,,,,,
113,Result_192800.pdf,2018-02-19,2018 PyeongChang Olympics 2-man,M,OFFICIAL,GER,10,LOCHNER Johannes,WEBER Christopher,4,OK,4.93,14.34,23.02,32.96,39.16,49.47,134.6,,,,,,,,,,,,,
114,Result_192800.pdf,2018-02-19,2018 PyeongChang Olympics 2-man,M,OFFICIAL,KOR,30,WON Yunjong,SEO Youngwoo,1,OK,4.92,14.37,23.13,33.08,39.25,49.5,134.1,,,,,,,,,,,,,
115,Result_192800.pdf,2018-02-19,2018 PyeongChang Olympics 2-man,M,OFFICIAL,KOR,30,WON Yunjong,SEO Youngwoo,2,OK,4.95,14.4,23.12,33.05,39.19,49.39,134.9,,,,,,,,,,,,,
116,Result_192800.pdf,2018-02-19,2018 PyeongChang Olympics 2-man,M,OFFICIAL,KOR,30,WON Yunjong,SEO Youngwoo,3,OK,4.92,14.34,22.99,32.85,38.97,49.15,135.6,,,,,,,,,,,,,
117,Result_192800.pdf,2018-02-19,2018 PyeongChang Olympics 2-man,M,OFFICIAL,KOR,30,WON Yunjong,SEO Youngwoo,4,OK,4.95,14.39,23.08,32.98,39.12,49.36,134.7,,,,,,,,,,,,,
118,Result_192800.pdf,2018-02-19,2018 PyeongChang Olympics 2-man,M,OFFICIAL,CAN,14,POLONIATO Nick,LUMSDEN Jesse,1,OK,4.95,14.4,23.11,33.06,39.23,49.48,134.5,,,,,,,,,,,,,
119,Result_192800.pdf,2018-02-19,2018 PyeongChang Olympics 2-man,M,OFFICIAL,CAN,14,POLONIATO Nick,LUMSDEN Jesse,2,OK,4.96,14.42,23.15,33.11,39.27,49.48,134.8,,,,,,,,,,,,,
120,Result_192800.pdf,2018-02-19,2018 PyeongChang Olympics 2-man,M,OFFICIAL,CAN,14,POLONIATO Nick,LUMSDEN Jesse,3,OK,4.97,14.41,23.07,32.97,39.11,49.33,135.1,,,,,,,,,,,,,
121,Result_192800.pdf,2018-02-19,2018 PyeongChang Olympics 2-man,M,OFFICIAL,CAN,14,POLONIATO Nick,LUMSDEN Jesse,4,OK,4.96,14.39,23.08,33.01,39.18,49.45,134.5,,,,,,,,,,,,,
122,Result_192800.pdf,2018-02-19,2018 PyeongChang Olympics 2-man,M,OFFICIAL,AUT,15,MAIER Benjamin,SAMMER Markus,1,OK,4.92,14.35,23.05,33.0,39.18,49.41,135.7,,,,,,,,,,,,,
123,Result_192800.pdf,2018-02-19,2018 PyeongChang Olympics 2-man,M,OFFICIAL,AUT,15,MAIER Benjamin,SAMMER Markus,2,OK,4.91,14.32,23.02,32.97,39.17,49.47,134.9,,,,,,,,,,,,,
124,Result_192800.pdf,2018-02-19,2018 PyeongChang Olympics 2-man,M,OFFICIAL,AUT,15,MAIER Benjamin,SAMMER Markus,3,OK,4.93,14.34,22.99,32.9,39.06,49.32,135.5,,,,,,,,,,,,,
125,Result_192800.pdf,2018-02-19,2018 PyeongChang Olympics 2-man,M,OFFICIAL,AUT,15,MAIER Benjamin,SAMMER Markus,4,OK,4.93,14.38,23.08,33.05,39.26,49.56,134.8,,,,,,,,,,,,,
126,Result_192800.pdf,2018-02-19,2018 PyeongChang Olympics 2-man,M,OFFICIAL,LAT,9,KIBERMANIS Oskars,MIKNIS Matiss,1,OK,4.91,14.33,23.0,32.9,39.03,49.21,135.3,,,,,,,,,,,,,
127,Result_192800.pdf,2018-02-19,2018 PyeongChang Olympics 2-man,M,OFFICIAL,LAT,9,KIBERMANIS Oskars,MIKNIS Matiss,2,OK,4.91,14.34,23.08,33.06,39.26,49.57,133.6,,,,,,,,,,,,,
128,Result_192800.pdf,2018-02-19,2018 PyeongChang Olympics 2-man,M,OFFICIAL,LAT,9,KIBERMANIS Oskars,MIKNIS Matiss,3,OK,4.9,14.32,23.01,32.95,39.1,49.32,134.9,,,,,,,,,,,,,
129,Result_192800.pdf,2018-02-19,2018 PyeongChang Olympics 2-man,M,OFFICIAL,LAT,9,KIBERMANIS Oskars,MIKNIS Matiss,4,OK,4.9,14.34,23.13,33.14,39.36,49.7,133.6,,,,,,,,,,,,,
130,Result_192800.pdf,2018-02-19,2018 PyeongChang Olympics 2-man,M,OFFICIAL,CAN,8,SPRING Christopher,BROWN Lascelles,1,OK,4.97,14.42,23.12,33.03,39.18,49.38,135.1,,,,,,,,,,,,,
131,Result_192800.pdf,2018-02-19,2018 PyeongChang Olympics 2-man,M,OFFICIAL,CAN,8,SPRING Christopher,BROWN Lascelles,2,OK,4.98,14.46,23.22,33.2,39.37,49.58,134.7,,,,,,,,,,,,,
132,Result_192800.pdf,2018-02-19,2018 PyeongChang Olympics 2-man,M,OFFICIAL,CAN,8,SPRING Christopher,BROWN Lascelles,3,OK,5.03,14.51,23.23,33.17,39.34,49.56,134.8,,,,,,,,,,,,,
133,Result_192800.pdf,2018-02-19,2018 PyeongChang Olympics 2-man,M,OFFICIAL,CAN,8,SPRING Christopher,BROWN Lascelles,4,OK,5.06,14.58,23.33,33.31,39.48,49.72,134.5,,,,,,,,,,,,,
134,Result_192800.pdf,2018-02-19,2018 PyeongChang Olympics 2-man,M,OFFICIAL,SUI,12,PETER Rico,FRIEDLI Simon,1,OK,5.03,14.54,23.28,33.27,39.47,49.72,135.0,,,,,,,,,,,,,
135,Result_192800.pdf,2018-02-19,2018 PyeongChang Olympics 2-man,M,OFFICIAL,SUI,12,PETER Rico,FRIEDLI Simon,2,OK,5.04,14.53,23.25,33.19,39.35,49.53,136.0,,,,,,,,,,,,,
136,Result_192800.pdf,2018-02-19,2018 PyeongChang Olympics 2-man,M,OFFICIAL,SUI,12,PETER Rico,FRIEDLI Simon,3,OK,5.03,14.5,23.21,33.15,39.31,49.52,135.8,,,,,,,,,,,,,
137,Result_192800.pdf,2018-02-19,2018 PyeongChang Olympics 2-man,M,OFFICIAL,SUI,12,PETER Rico,FRIEDLI Simon,4,OK,5.02,14.49,23.19,33.13,39.28,49.49,135.6,,,,,,,,,,,,,
138,Result_192800.pdf,2018-02-19,2018 PyeongChang Olympics 2-man,M,OFFICIAL,GBR,2,HALL Brad,FEARON Joel,1,OK,4.97,14.41,23.1,33.01,39.16,49.37,134.9,,,,,,,,,,,,,
139,Result_192800.pdf,2018-02-19,2018 PyeongChang Olympics 2-man,M,OFFICIAL,GBR,2,HALL Brad,FEARON Joel,2,OK,4.96,14.41,23.12,33.06,39.22,49.5,134.3,,,,,,,,,,,,,
140,Result_192800.pdf,2018-02-19,2018 PyeongChang Olympics 2-man,M,OFFICIAL,GBR,2,HALL Brad,FEARON Joel,3,OK,5.0,14.48,23.24,33.21,39.39,49.67,134.3,,,,,,,,,,,,,
141,Result_192800.pdf,2018-02-19,2018 PyeongChang Olympics 2-man,M,OFFICIAL,GBR,2,HALL Brad,FEARON Joel,4,OK,4.97,14.44,23.2,33.2,39.43,49.8,133.4,,,,,,,,,,,,,
142,Result_192800.pdf,2018-02-19,2018 PyeongChang Olympics 2-man,M,OFFICIAL,FRA,23,HEINRICH Romain,HAUTERVILLE Dorian,1,OK,4.99,14.5,23.28,33.27,39.47,49.74,134.2,,,,,,,,,,,,,
143,Result_192800.pdf,2018-02-19,2018 PyeongChang Olympics 2-man,M,OFFICIAL,FRA,23,HEINRICH Romain,HAUTERVILLE Dorian,2,OK,5.01,14.53,23.29,33.26,39.46,49.73,134.2,,,,,,,,,,,,,
144,Result_192800.pdf,2018-02-19,2018 PyeongChang Olympics 2-man,M,OFFICIAL,FRA,23,HEINRICH Romain,HAUTERVILLE Dorian,3,OK,5.04,14.55,23.24,33.16,39.32,49.55,135.1,,,,,,,,,,,,,
145,Result_192800.pdf,2018-02-19,2018 PyeongChang Olympics 2-man,M,OFFICIAL,FRA,23,HEINRICH Romain,HAUTERVILLE Dorian,4,OK,5.02,14.52,23.2,33.12,39.26,49.46,135.4,,,,,,,,,,,,,
146,Result_192800.pdf,2018-02-19,2018 PyeongChang Olympics 2-man,M,OFFICIAL,USA,19,OLSEN Justin,WEINSTOCK Evan,1,OK,4.93,14.35,23.05,33.05,39.3,49.66,134.1,,,,,,,,,,,,,
147,Result_192800.pdf,2018-02-19,2018 PyeongChang Olympics 2-man,M,OFFICIAL,USA,19,OLSEN Justin,WEINSTOCK Evan,2,OK,4.93,14.36,23.07,33.03,39.23,49.55,135.0,,,,,,,,,,,,,
148,Result_192800.pdf,2018-02-19,2018 PyeongChang Olympics 2-man,M,OFFICIAL,USA,19,OLSEN Justin,WEINSTOCK Evan,3,OK,4.95,14.38,23.08,33.01,39.21,49.53,135.0,,,,,,,,,,,,,
149,Result_192800.pdf,2018-02-19,2018 PyeongChang Olympics 2-man,M,OFFICIAL,USA,19,OLSEN Justin,WEINSTOCK Evan,4,OK,4.94,14.38,23.12,33.13,39.36,49.8,133.2,,,,,,,,,,,,,
150,Result_192800.pdf,2018-02-19,2018 PyeongChang Olympics 2-man,M,OFFICIAL,AUT,24,TREICHL Markus,WALCH Kilian,1,OK,4.99,14.47,23.21,33.19,39.4,49.67,135.5,,,,,,,,,,,,,
151,Result_192800.pdf,2018-02-19,2018 PyeongChang Olympics 2-man,M,OFFICIAL,AUT,24,TREICHL Markus,WALCH Kilian,2,OK,5.0,14.48,23.21,33.18,39.4,49.67,135.4,,,,,,,,,,,,,
152,Result_192800.pdf,2018-02-19,2018 PyeongChang Olympics 2-man,M,OFFICIAL,AUT,24,TREICHL Markus,WALCH Kilian,3,OK,4.98,14.45,23.16,33.11,39.3,49.56,135.4,,,,,,,,,,,,,
153,Result_192800.pdf,2018-02-19,2018 PyeongChang Olympics 2-man,M,OFFICIAL,AUT,24,TREICHL Markus,WALCH Kilian,4,OK,4.99,14.48,23.2,33.15,39.34,49.66,134.7,,,,,,,,,,,,,
154,Result_192800.pdf,2018-02-19,2018 PyeongChang Olympics 2-man,M,OFFICIAL,SUI,17,BRACHER Clemens,KUONEN Michael,1,OK,4.98,14.44,23.2,33.21,39.42,49.73,134.9,,,,,,,,,,,,,
155,Result_192800.pdf,2018-02-19,2018 PyeongChang Olympics 2-man,M,OFFICIAL,SUI,17,BRACHER Clemens,KUONEN Michael,2,OK,4.99,14.48,23.29,33.35,39.57,49.9,134.3,,,,,,,,,,,,,
156,Result_192800.pdf,2018-02-19,2018 PyeongChang Olympics 2-man,M,OFFICIAL,SUI,17,BRACHER Clemens,KUONEN Michael,3,OK,4.99,14.43,23.14,33.14,39.33,49.64,134.3,,,,,,,,,,,,,
157,Result_192800.pdf,2018-02-19,2018 PyeongChang Olympics 2-man,M,OFFICIAL,SUI,17,BRACHER Clemens,KUONEN Michael,4,OK,4.97,14.42,23.15,33.14,39.32,49.56,135.5,,,,,,,,,,,,,
158,Result_192800.pdf,2018-02-19,2018 PyeongChang Olympics 2-man,M,OFFICIAL,CZE,21,DVORAK Dominik,NOSEK Jakub,1,OK,4.92,14.35,23.12,33.12,39.36,49.7,133.3,,,,,,,,,,,,,
159,Result_192800.pdf,2018-02-19,2018 PyeongChang Olympics 2-man,M,OFFICIAL,CZE,21,DVORAK Dominik,NOSEK Jakub,2,OK,4.95,14.42,23.19,33.17,39.36,49.63,134.3,,,,,,,,,,,,,
160,Result_192800.pdf,2018-02-19,2018 PyeongChang Olympics 2-man,M,OFFICIAL,CZE,21,DVORAK Dominik,NOSEK Jakub,3,OK,4.92,14.35,23.09,33.09,39.31,49.67,133.4,,,,,,,,,,,,,
161,Result_192800.pdf,2018-02-19,2018 PyeongChang Olympics 2-man,M,OFFICIAL,CZE,21,DVORAK Dominik,NOSEK Jakub,4,OK,4.97,14.44,23.21,33.24,39.48,49.86,133.1,,,,,,,,,,,,,
162,Result_192800.pdf,2018-02-19,2018 PyeongChang Olympics 2-man,M,OFFICIAL,ROU,26,TENTEA Mihai Cristian,DAROCZI Nicolae Ciprian,1,OK,5.08,14.6,23.31,33.27,39.43,49.69,133.7,,,,,,,,,,,,,
163,Result_192800.pdf,2018-02-19,2018 PyeongChang Olympics 2-man,M,OFFICIAL,ROU,26,TENTEA Mihai Cristian,DAROCZI Nicolae Ciprian,2,OK,5.1,14.63,23.35,33.32,39.49,49.72,134.7,,,,,,,,,,,,,
164,Result_192800.pdf,2018-02-19,2018 PyeongChang Olympics 2-man,M,OFFICIAL,ROU,26,TENTEA Mihai Cristian,DAROCZI Nicolae Ciprian,3,OK,5.13,14.71,23.47,33.47,39.66,49.93,134.5,,,,,,,,,,,,,
165,Result_192800.pdf,2018-02-19,2018 PyeongChang Olympics 2-man,M,OFFICIAL,ROU,26,TENTEA Mihai Cristian,DAROCZI Nicolae Ciprian,4,OK,5.14,14.66,23.35,33.29,39.43,49.64,134.8,,,,,,,,,,,,,
166,Result_192800.pdf,2018-02-19,2018 PyeongChang Olympics 2-man,M,OFFICIAL,MON,25,RINALDI Rudy,VAIN Boris,1,OK,5.06,14.59,23.34,33.35,39.55,49.85,133.8,,,,,,,,,,,,,
167,Result_192800.pdf,2018-02-19,2018 PyeongChang Olympics 2-man,M,OFFICIAL,MON,25,RINALDI Rudy,VAIN Boris,2,OK,5.09,14.66,23.41,33.35,39.49,49.69,134.9,,,,,,,,,,,,,
168,Result_192800.pdf,2018-02-19,2018 PyeongChang Olympics 2-man,M,OFFICIAL,MON,25,RINALDI Rudy,VAIN Boris,3,OK,5.08,14.64,23.37,33.3,39.45,49.68,135.0,,,,,,,,,,,,,
169,Result_192800.pdf,2018-02-19,2018 PyeongChang Olympics 2-man,M,OFFICIAL,MON,25,RINALDI Rudy,VAIN Boris,4,OK,5.09,14.65,23.42,33.38,39.54,49.8,134.7,,,,,,,,,,,,,
170,Result_192800.pdf,2018-02-19,2018 PyeongChang Olympics 2-man,M,OFFICIAL,OAR,18,STULNEV Alexey,KONDRATENKO Vasiliy,1,OK,5.09,14.61,23.39,33.37,39.55,49.77,135.5,,,,,,,,,,,,,
171,Result_192800.pdf,2018-02-19,2018 PyeongChang Olympics 2-man,M,OFFICIAL,OAR,18,STULNEV Alexey,KONDRATENKO Vasiliy,2,OK,5.13,14.67,23.44,33.48,39.71,49.99,134.7,,,,,,,,,,,,,
172,Result_192800.pdf,2018-02-19,2018 PyeongChang Olympics 2-man,M,OFFICIAL,OAR,18,STULNEV Alexey,KONDRATENKO Vasiliy,3,OK,5.12,14.67,23.38,33.31,39.5,49.74,135.4,,,,,,,,,,,,,
173,Result_192800.pdf,2018-02-19,2018 PyeongChang Olympics 2-man,M,OFFICIAL,OAR,18,STULNEV Alexey,KONDRATENKO Vasiliy,4,OK,5.14,14.71,23.44,33.38,39.6,49.87,134.8,,,,,,,,,,,,,
174,Result_192800.pdf,2018-02-19,2018 PyeongChang Olympics 2-man,M,OFFICIAL,USA,16,CUNNINGHAM Nick,ABDUL-SABOOR Hakeem,1,OK,4.96,14.45,23.32,33.44,39.69,49.96,134.9,,,,,,,,,,,,,
175,Result_192800.pdf,2018-02-19,2018 PyeongChang Olympics 2-man,M,OFFICIAL,USA,16,CUNNINGHAM Nick,ABDUL-SABOOR Hakeem,2,OK,5.01,14.56,23.46,33.54,39.79,50.11,134.4,,,,,,,,,,,,,
176,Result_192800.pdf,2018-02-19,2018 PyeongChang Olympics 2-man,M,OFFICIAL,USA,16,CUNNINGHAM Nick,ABDUL-SABOOR Hakeem,3,OK,4.97,14.44,23.17,33.13,39.35,49.62,135.2,,,,,,,,,,,,,
177,Result_192800.pdf,2018-02-19,2018 PyeongChang Olympics 2-man,M,OFFICIAL,AUS,3,MATA Lucas,MARI David,1,OK,5.1,14.65,23.43,33.39,39.6,49.88,134.8,,,,,,,,,,,,,
178,Result_192800.pdf,2018-02-19,2018 PyeongChang Olympics 2-man,M,OFFICIAL,AUS,3,MATA Lucas,MARI David,2,OK,5.12,14.66,23.47,33.49,39.7,50.04,134.2,,,,,,,,,,,,,
179,Result_192800.pdf,2018-02-19,2018 PyeongChang Olympics 2-man,M,OFFICIAL,AUS,3,MATA Lucas,MARI David,3,OK,5.11,14.66,23.44,33.44,39.61,49.87,135.3,,,,,,,,,,,,,
180,Result_192800.pdf,2018-02-19,2018 PyeongChang Olympics 2-man,M,OFFICIAL,CZE,29,VRBA Jan,HAVLIN Jakub,1,OK,5.08,14.61,23.37,33.35,39.58,49.93,133.2,,,,,,,,,,,,,
181,Result_192800.pdf,2018-02-19,2018 PyeongChang Olympics 2-man,M,OFFICIAL,CZE,29,VRBA Jan,HAVLIN Jakub,2,OK,5.1,14.63,23.38,33.4,39.65,50.07,132.6,,,,,,,,,,,,,
182,Result_192800.pdf,2018-02-19,2018 PyeongChang Olympics 2-man,M,OFFICIAL,CZE,29,VRBA Jan,HAVLIN Jakub,3,OK,5.09,14.61,23.32,33.29,39.51,49.86,133.3,,,,,,,,,,,,,
183,Result_192800.pdf,2018-02-19,2018 PyeongChang Olympics 2-man,M,OFFICIAL,POL,22,LUTY Mateusz,TYLKOWSKI Krzysztof,1,OK,5.05,14.58,23.36,33.35,39.55,49.87,133.2,,,,,,,,,,,,,
184,Result_192800.pdf,2018-02-19,2018 PyeongChang Olympics 2-man,M,OFFICIAL,POL,22,LUTY Mateusz,TYLKOWSKI Krzysztof,2,OK,5.13,14.71,23.52,33.54,39.76,50.1,133.2,,,,,,,,,,,,,
185,Result_192800.pdf,2018-02-19,2018 PyeongChang Olympics 2-man,M,OFFICIAL,POL,22,LUTY Mateusz,TYLKOWSKI Krzysztof,3,OK,5.15,14.74,23.49,33.47,39.65,49.92,134.2,,,,,,,,,,,,,
186,Result_192800.pdf,2018-02-19,2018 PyeongChang Olympics 2-man,M,OFFICIAL,USA,20,BASCUE Codie,Mc GUFFIE Samuel,1,OK,4.96,14.43,23.29,33.4,39.65,50.03,134.0,,,,,,,,,,,,,
187,Result_192800.pdf,2018-02-19,2018 PyeongChang Olympics 2-man,M,OFFICIAL,USA,20,BASCUE Codie,Mc GUFFIE Samuel,2,OK,4.97,14.46,23.33,33.43,39.71,50.16,133.4,,,,,,,,,,,,,
188,Result_192800.pdf,2018-02-19,2018 PyeongChang Olympics 2-man,M,OFFICIAL,USA,20,BASCUE Codie,Mc GUFFIE Samuel,3,OK,5.01,14.49,23.19,33.31,39.56,49.9,134.4,,,,,,,,,,,,,
189,Result_192800.pdf,2018-02-19,2018 PyeongChang Olympics 2-man,M,OFFICIAL,CHN,27,LI Chunjian,WANG Sidong,1,OK,5.1,14.65,23.51,33.58,39.82,50.13,134.4,,,,,,,,,,,,,
190,Result_192800.pdf,2018-02-19,2018 PyeongChang Olympics 2-man,M,OFFICIAL,CHN,27,LI Chunjian,WANG Sidong,2,OK,5.12,14.68,23.52,33.57,39.84,50.21,133.8,,,,,,,,,,,,,
191,Result_192800.pdf,2018-02-19,2018 PyeongChang Olympics 2-man,M,OFFICIAL,CHN,27,LI Chunjian,WANG Sidong,3,OK,5.12,14.7,23.53,33.59,39.84,50.15,134.3,,,,,,,,,,,,,
192,Result_192800.pdf,2018-02-19,2018 PyeongChang Olympics 2-man,M,OFFICIAL,BRA,1,BINDILATTI Edson,MARTINS Edson Ricardo,1,OK,5.1,14.61,23.39,33.43,39.67,50.14,132.2,,,,,,,,,,,,,
193,Result_192800.pdf,2018-02-19,2018 PyeongChang Olympics 2-man,M,OFFICIAL,BRA,1,BINDILATTI Edson,MARTINS Edson Ricardo,2,OK,5.12,14.66,23.45,33.5,39.76,50.22,132.3,,,,,,,,,,,,,
194,Result_192800.pdf,2018-02-19,2018 PyeongChang Olympics 2-man,M,OFFICIAL,BRA,1,BINDILATTI Edson,MARTINS Edson Ricardo,3,OK,5.13,14.68,23.49,33.54,39.84,50.35,131.6,,,,,,,,,,,,,
195,Result_192800.pdf,2018-02-19,2018 PyeongChang Olympics 2-man,M,OFFICIAL,OAR,5,ANDRIANOV Maxim,SAMITOV Ruslan,1,OK,5.11,14.66,23.51,33.59,39.86,50.27,132.2,,,,,,,,,,,,,
196,Result_192800.pdf,2018-02-19,2018 PyeongChang Olympics 2-man,M,OFFICIAL,OAR,5,ANDRIANOV Maxim,SAMITOV Ruslan,2,OK,5.13,14.71,23.58,33.74,40.07,50.58,131.4,,,,,,,,,,,,,
197,Result_192800.pdf,2018-02-19,2018 PyeongChang Olympics 2-man,M,OFFICIAL,OAR,5,ANDRIANOV Maxim,SAMITOV Ruslan,3,OK,5.1,14.65,23.39,33.4,39.62,49.98,133.1,,,,,,,,,,,,,
198,Result_192800.pdf,2018-02-19,2018 PyeongChang Olympics 2-man,M,OFFICIAL,CHN,28,JIN Jian,SHI Hao,1,OK,5.17,14.79,23.65,33.77,40.05,50.47,133.9,,,,,,,,,,,,,
199,Result_192800.pdf,2018-02-19,2018 PyeongChang Olympics 2-man,M,OFFICIAL,CHN,28,JIN Jian,SHI Hao,2,OK,5.11,14.69,23.55,33.62,39.84,50.17,134.9,,,,,,,,,,,,,
200,Result_192800.pdf,2018-02-19,2018 PyeongChang Olympics 2-man,M,OFFICIAL,CHN,28,JIN Jian,SHI Hao,3,OK,5.14,14.84,23.68,33.72,39.97,50.33,134.4,,,,,,,,,,,,,
201,Result_192800.pdf,2018-02-19,2018 PyeongChang Olympics 2-man,M,OFFICIAL,CRO,4,SILIC Drazen,NIKPALJ Benedikt,1,OK,5.26,14.92,23.85,33.98,40.28,50.76,132.6,,,,,,,,,,,,,
202,Result_192800.pdf,2018-02-19,2018 PyeongChang Olympics 2-man,M,OFFICIAL,CRO,4,SILIC Drazen,NIKPALJ Benedikt,2,OK,5.29,14.96,23.87,34.04,40.37,50.91,132.2,,,,,,,,,,,,,
203,Result_192800.pdf,2018-02-19,2018 PyeongChang Olympics 2-man,M,OFFICIAL,CRO,4,SILIC Drazen,NIKPALJ Benedikt,3,OK,5.27,14.95,23.89,34.08,40.42,50.99,131.6,,,,,,,,,,,,,
204,Result_192803.pdf,2018-02-21,2018 PyeongChang Olympics Women,W,OFFICIAL,GER,6,JAMANKA Mariama,BUCKWITZ Lisa,1,OK,5.37,15.03,23.81,33.85,40.13,50.54,133.1,,,,,,,,,,,,,
205,Result_192803.pdf,2018-02-21,2018 PyeongChang Olympics Women,W,OFFICIAL,GER,6,JAMANKA Mariama,BUCKWITZ Lisa,2,OK,5.38,15.07,23.9,33.96,40.25,50.72,132.8,,,,,,,,,,,,,
206,Result_192803.pdf,2018-02-21,2018 PyeongChang Olympics Women,W,OFFICIAL,GER,6,JAMANKA Mariama,BUCKWITZ Lisa,3,OK,5.4,15.1,23.87,33.87,40.1,50.49,133.6,,,,,,,,,,,,,
207,Result_192803.pdf,2018-02-21,2018 PyeongChang Olympics Women,W,OFFICIAL,GER,6,JAMANKA Mariama,BUCKWITZ Lisa,4,OK,5.4,15.1,23.91,33.98,40.24,50.7,133.0,,,,,,,,,,,,,
208,Result_192803.pdf,2018-02-21,2018 PyeongChang Olympics Women,W,OFFICIAL,USA,5,MEYERS TAYLOR Elana,GIBBS Lauren,1,OK,5.22,14.85,23.65,33.7,40.01,50.52,132.6,,,,,,,,,,,,,
209,Result_192803.pdf,2018-02-21,2018 PyeongChang Olympics Women,W,OFFICIAL,USA,5,MEYERS TAYLOR Elana,GIBBS Lauren,2,OK,5.21,14.86,23.79,33.95,40.27,50.81,132.2,,,,,,,,,,,,,
210,Result_192803.pdf,2018-02-21,2018 PyeongChang Olympics Women,W,OFFICIAL,USA,5,MEYERS TAYLOR Elana,GIBBS Lauren,3,OK,5.21,14.84,23.65,33.73,40.0,50.46,133.3,,,,,,,,,,,,,
211,Result_192803.pdf,2018-02-21,2018 PyeongChang Olympics Women,W,OFFICIAL,USA,5,MEYERS TAYLOR Elana,GIBBS Lauren,4,OK,5.23,14.89,23.74,33.86,40.17,50.73,132.1,,,,,,,,,,,,,
212,Result_192803.pdf,2018-02-21,2018 PyeongChang Olympics Women,W,OFFICIAL,CAN,4,HUMPHRIES Kaillie,GEORGE Phylicia,1,OK,5.29,14.95,23.76,33.87,40.19,50.72,131.5,,,,,,,,,,,,,
213,Result_192803.pdf,2018-02-21,2018 PyeongChang Olympics Women,W,OFFICIAL,CAN,4,HUMPHRIES Kaillie,GEORGE Phylicia,2,OK,5.31,14.99,23.83,33.99,40.31,50.88,131.0,,,,,,,,,,,,,
214,Result_192803.pdf,2018-02-21,2018 PyeongChang Olympics Women,W,OFFICIAL,CAN,4,HUMPHRIES Kaillie,GEORGE Phylicia,3,OK,5.33,14.98,23.75,33.79,40.04,50.52,132.1,,,,,,,,,,,,,
215,Result_192803.pdf,2018-02-21,2018 PyeongChang Olympics Women,W,OFFICIAL,CAN,4,HUMPHRIES Kaillie,GEORGE Phylicia,4,OK,5.33,15.01,23.84,33.94,40.23,50.77,131.3,,,,,,,,,,,,,
216,Result_192803.pdf,2018-02-21,2018 PyeongChang Olympics Women,W,OFFICIAL,GER,8,SCHNEIDER Stephanie,DRAZEK Annika,1,OK,5.35,15.04,23.83,33.87,40.16,50.63,132.5,,,,,,,,,,,,,
217,Result_192803.pdf,2018-02-21,2018 PyeongChang Olympics Women,W,OFFICIAL,GER,8,SCHNEIDER Stephanie,DRAZEK Annika,2,OK,5.31,14.99,23.87,34.0,40.34,50.93,132.0,,,,,,,,,,,,,
218,Result_192803.pdf,2018-02-21,2018 PyeongChang Olympics Women,W,OFFICIAL,GER,8,SCHNEIDER Stephanie,DRAZEK Annika,3,OK,5.38,15.09,23.91,33.97,40.26,50.71,132.7,,,,,,,,,,,,,
219,Result_192803.pdf,2018-02-21,2018 PyeongChang Olympics Women,W,OFFICIAL,GER,8,SCHNEIDER Stephanie,DRAZEK Annika,4,OK,5.37,15.07,23.91,33.97,40.26,50.7,132.9,,,,,,,,,,,,,
220,Result_192803.pdf,2018-02-21,2018 PyeongChang Olympics Women,W,OFFICIAL,USA,7,GREUBEL POSER Jamie,EVANS Aja,1,OK,5.32,14.99,23.78,33.84,40.12,50.59,133.2,,,,,,,,,,,,,
221,Result_192803.pdf,2018-02-21,2018 PyeongChang Olympics Women,W,OFFICIAL,USA,7,GREUBEL POSER Jamie,EVANS Aja,2,OK,5.33,15.04,23.92,34.04,40.38,50.99,131.5,,,,,,,,,,,,,
222,Result_192803.pdf,2018-02-21,2018 PyeongChang Olympics Women,W,OFFICIAL,USA,7,GREUBEL POSER Jamie,EVANS Aja,3,OK,5.31,14.97,23.77,33.82,40.08,50.59,132.5,,,,,,,,,,,,,
223,Result_192803.pdf,2018-02-21,2018 PyeongChang Olympics Women,W,OFFICIAL,USA,7,GREUBEL POSER Jamie,EVANS Aja,4,OK,5.32,15.02,23.85,33.96,40.28,50.85,132.1,,,,,,,,,,,,,
224,Result_192803.pdf,2018-02-21,2018 PyeongChang Olympics Women,W,OFFICIAL,CAN,9,RISSLING Alysia,MOYSE Heather,1,OK,5.4,15.11,23.92,33.98,40.27,50.81,132.1,,,,,,,,,,,,,
225,Result_192803.pdf,2018-02-21,2018 PyeongChang Olympics Women,W,OFFICIAL,CAN,9,RISSLING Alysia,MOYSE Heather,2,OK,5.4,15.12,23.99,34.1,40.41,50.95,132.1,,,,,,,,,,,,,
226,Result_192803.pdf,2018-02-21,2018 PyeongChang Olympics Women,W,OFFICIAL,CAN,9,RISSLING Alysia,MOYSE Heather,3,OK,5.42,15.14,23.94,33.99,40.27,50.83,132.2,,,,,,,,,,,,,
227,Result_192803.pdf,2018-02-21,2018 PyeongChang Olympics Women,W,OFFICIAL,CAN,9,RISSLING Alysia,MOYSE Heather,4,OK,5.44,15.18,24.05,34.18,40.48,51.04,132.1,,,,,,,,,,,,,
228,Result_192803.pdf,2018-02-21,2018 PyeongChang Olympics Women,W,OFFICIAL,CAN,13,de BRUIN Christine,LOTHOLZ Melissa,1,OK,5.47,15.24,24.12,34.22,40.49,50.94,133.5,,,,,,,,,,,,,
229,Result_192803.pdf,2018-02-21,2018 PyeongChang Olympics Women,W,OFFICIAL,CAN,13,de BRUIN Christine,LOTHOLZ Melissa,2,OK,5.48,15.25,24.13,34.25,40.52,50.91,133.8,,,,,,,,,,,,,
230,Result_192803.pdf,2018-02-21,2018 PyeongChang Olympics Women,W,OFFICIAL,CAN,13,de BRUIN Christine,LOTHOLZ Melissa,3,OK,5.5,15.26,24.09,34.14,40.38,50.75,134.2,,,,,,,,,,,,,
231,Result_192803.pdf,2018-02-21,2018 PyeongChang Olympics Women,W,OFFICIAL,CAN,13,de BRUIN Christine,LOTHOLZ Melissa,4,OK,5.53,15.35,24.29,34.46,40.75,51.29,132.2,,,,,,,,,,,,,
232,Result_192803.pdf,2018-02-21,2018 PyeongChang Olympics Women,W,OFFICIAL,GBR,17,McNEILL Mica,MOORE Mica,1,OK,5.52,15.27,24.08,34.13,40.37,50.77,132.8,,,,,,,,,,,,,
233,Result_192803.pdf,2018-02-21,2018 PyeongChang Olympics Women,W,OFFICIAL,GBR,17,McNEILL Mica,MOORE Mica,2,OK,5.53,15.27,24.09,34.17,40.46,50.95,131.8,,,,,,,,,,,,,
234,Result_192803.pdf,2018-02-21,2018 PyeongChang Olympics Women,W,OFFICIAL,GBR,17,McNEILL Mica,MOORE Mica,3,OK,5.54,15.31,24.11,34.17,40.51,51.16,130.2,,,,,,,,,,,,,
235,Result_192803.pdf,2018-02-21,2018 PyeongChang Olympics Women,W,OFFICIAL,GBR,17,McNEILL Mica,MOORE Mica,4,OK,5.54,15.34,24.24,34.37,40.67,51.19,131.6,,,,,,,,,,,,,
236,Result_192803.pdf,2018-02-21,2018 PyeongChang Olympics Women,W,OFFICIAL,SUI,12,HAFNER Sabina,REBSAMEN Rahel,1,OK,5.51,15.27,24.06,34.13,40.4,50.86,132.2,,,,,,,,,,,,,
237,Result_192803.pdf,2018-02-21,2018 PyeongChang Olympics Women,W,OFFICIAL,SUI,12,HAFNER Sabina,REBSAMEN Rahel,2,OK,5.53,15.32,24.17,34.3,40.6,51.16,131.1,,,,,,,,,,,,,
238,Result_192803.pdf,2018-02-21,2018 PyeongChang Olympics Women,W,OFFICIAL,SUI,12,HAFNER Sabina,REBSAMEN Rahel,3,OK,5.54,15.31,24.13,34.23,40.54,51.07,131.6,,,,,,,,,,,,,
239,Result_192803.pdf,2018-02-21,2018 PyeongChang Olympics Women,W,OFFICIAL,SUI,12,HAFNER Sabina,REBSAMEN Rahel,4,OK,5.54,15.34,24.18,34.28,40.6,51.21,130.6,,,,,,,,,,,,,
240,Result_192803.pdf,2018-02-21,2018 PyeongChang Olympics Women,W,OFFICIAL,AUT,14,HENGSTER Christina,KLEISER Valerie,1,OK,5.54,15.35,24.26,34.4,40.72,51.23,131.5,,,,,,,,,,,,,
241,Result_192803.pdf,2018-02-21,2018 PyeongChang Olympics Women,W,OFFICIAL,AUT,14,HENGSTER Christina,KLEISER Valerie,2,OK,5.53,15.33,24.21,34.31,40.58,51.04,131.7,,,,,,,,,,,,,
242,Result_192803.pdf,2018-02-21,2018 PyeongChang Olympics Women,W,OFFICIAL,AUT,14,HENGSTER Christina,KLEISER Valerie,3,OK,5.56,15.37,24.21,34.29,40.56,51.0,132.2,,,,,,,,,,,,,
243,Result_192803.pdf,2018-02-21,2018 PyeongChang Olympics Women,W,OFFICIAL,AUT,14,HENGSTER Christina,KLEISER Valerie,4,OK,5.56,15.4,24.35,34.49,40.76,51.24,131.9,,,,,,,,,,,,,
244,Result_192803.pdf,2018-02-21,2018 PyeongChang Olympics Women,W,OFFICIAL,BEL,15,WILLEMSEN Elfje,AERTS Sara,1,OK,5.53,15.27,24.1,34.18,40.48,51.03,131.3,,,,,,,,,,,,,
245,Result_192803.pdf,2018-02-21,2018 PyeongChang Olympics Women,W,OFFICIAL,BEL,15,WILLEMSEN Elfje,AERTS Sara,2,OK,5.59,15.38,24.25,34.39,40.7,51.27,130.7,,,,,,,,,,,,,
246,Result_192803.pdf,2018-02-21,2018 PyeongChang Olympics Women,W,OFFICIAL,BEL,15,WILLEMSEN Elfje,AERTS Sara,3,OK,5.56,15.33,24.15,34.23,40.53,51.1,131.0,,,,,,,,,,,,,
247,Result_192803.pdf,2018-02-21,2018 PyeongChang Olympics Women,W,OFFICIAL,BEL,15,WILLEMSEN Elfje,AERTS Sara,4,OK,5.59,15.39,24.24,34.35,40.65,51.21,131.2,,,,,,,,,,,,,
248,Result_192803.pdf,2018-02-21,2018 PyeongChang Olympics Women,W,OFFICIAL,BEL,20,VANNIEUWENHUYSE An,VERCRUYSSEN Sophie,1,OK,5.56,15.36,24.28,34.43,40.73,51.24,131.2,,,,,,,,,,,,,
249,Result_192803.pdf,2018-02-21,2018 PyeongChang Olympics Women,W,OFFICIAL,BEL,20,VANNIEUWENHUYSE An,VERCRUYSSEN Sophie,2,OK,5.55,15.33,24.24,34.4,40.72,51.28,130.9,,,,,,,,,,,,,
250,Result_192803.pdf,2018-02-21,2018 PyeongChang Olympics Women,W,OFFICIAL,BEL,20,VANNIEUWENHUYSE An,VERCRUYSSEN Sophie,3,OK,5.56,15.36,24.24,34.43,40.83,51.53,129.6,,,,,,,,,,,,,
251,Result_192803.pdf,2018-02-21,2018 PyeongChang Olympics Women,W,OFFICIAL,BEL,20,VANNIEUWENHUYSE An,VERCRUYSSEN Sophie,4,OK,5.56,15.38,24.29,34.41,40.69,51.2,131.9,,,,,,,,,,,,,
252,Result_192803.pdf,2018-02-21,2018 PyeongChang Olympics Women,W,OFFICIAL,GER,10,KOEHLER Anna,NOLTE Erline,1,OK,5.47,15.28,24.24,34.42,40.74,51.21,132.8,,,,,,,,,,,,,
253,Result_192803.pdf,2018-02-21,2018 PyeongChang Olympics Women,W,OFFICIAL,GER,10,KOEHLER Anna,NOLTE Erline,2,OK,5.5,15.28,24.23,34.4,40.72,51.2,132.6,,,,,,,,,,,,,
254,Result_192803.pdf,2018-02-21,2018 PyeongChang Olympics Women,W,OFFICIAL,GER,10,KOEHLER Anna,NOLTE Erline,3,OK,5.47,15.27,24.24,34.47,40.86,51.46,131.5,,,,,,,,,,,,,
255,Result_192803.pdf,2018-02-21,2018 PyeongChang Olympics Women,W,OFFICIAL,GER,10,KOEHLER Anna,NOLTE Erline,4,OK,5.53,15.33,24.23,34.45,40.82,51.41,131.4,,,,,,,,,,,,,
256,Result_192803.pdf,2018-02-21,2018 PyeongChang Olympics Women,W,OFFICIAL,KOR,1,KIM Yooran,KIM Minseong,1,OK,5.62,15.46,24.39,34.53,40.81,51.24,132.5,,,,,,,,,,,,,
257,Result_192803.pdf,2018-02-21,2018 PyeongChang Olympics Women,W,OFFICIAL,KOR,1,KIM Yooran,KIM Minseong,2,OK,5.62,15.44,24.32,34.45,40.73,51.2,132.3,,,,,,,,,,,,,
258,Result_192803.pdf,2018-02-21,2018 PyeongChang Olympics Women,W,OFFICIAL,KOR,1,KIM Yooran,KIM Minseong,3,OK,5.65,15.49,24.37,34.52,40.82,51.32,132.3,,,,,,,,,,,,,
259,Result_192803.pdf,2018-02-21,2018 PyeongChang Olympics Women,W,OFFICIAL,KOR,1,KIM Yooran,KIM Minseong,4,OK,5.66,15.55,24.55,34.75,41.05,51.55,132.1,,,,,,,,,,,,,
260,Result_192803.pdf,2018-02-21,2018 PyeongChang Olympics Women,W,OFFICIAL,ROU,19,CONSTANTIN Maria Adela,GRECU Andreea,1,OK,5.51,15.27,24.15,34.29,40.6,51.17,131.0,,,,,,,,,,,,,
261,Result_192803.pdf,2018-02-21,2018 PyeongChang Olympics Women,W,OFFICIAL,ROU,19,CONSTANTIN Maria Adela,GRECU Andreea,2,OK,5.54,15.33,24.24,34.41,40.77,51.4,130.5,,,,,,,,,,,,,
262,Result_192803.pdf,2018-02-21,2018 PyeongChang Olympics Women,W,OFFICIAL,ROU,19,CONSTANTIN Maria Adela,GRECU Andreea,3,OK,5.55,15.36,24.22,34.37,40.73,51.39,130.4,,,,,,,,,,,,,
263,Result_192803.pdf,2018-02-21,2018 PyeongChang Olympics Women,W,OFFICIAL,ROU,19,CONSTANTIN Maria Adela,GRECU Andreea,4,OK,5.56,15.39,24.31,34.53,40.9,51.57,130.0,,,,,,,,,,,,,
264,Result_192803.pdf,2018-02-21,2018 PyeongChang Olympics Women,W,OFFICIAL,OAR,3,RODIONOVA Aleksandra,BELOMESTNYKH Yulia,1,OK,5.5,15.28,24.22,34.4,40.74,51.29,132.3,,,,,,,,,,,,,
265,Result_192803.pdf,2018-02-21,2018 PyeongChang Olympics Women,W,OFFICIAL,OAR,3,RODIONOVA Aleksandra,BELOMESTNYKH Yulia,2,OK,5.52,15.31,24.23,34.44,40.82,51.47,131.1,,,,,,,,,,,,,
266,Result_192803.pdf,2018-02-21,2018 PyeongChang Olympics Women,W,OFFICIAL,OAR,3,RODIONOVA Aleksandra,BELOMESTNYKH Yulia,3,OK,5.56,15.37,24.25,34.4,40.77,51.41,131.2,,,,,,,,,,,,,
267,Result_192803.pdf,2018-02-21,2018 PyeongChang Olympics Women,W,OFFICIAL,OAR,3,RODIONOVA Aleksandra,BELOMESTNYKH Yulia,4,OK,5.56,15.41,24.38,34.58,40.94,51.55,131.7,,,,,,,,,,,,,
268,Result_192803.pdf,2018-02-21,2018 PyeongChang Olympics Women,W,OFFICIAL,AUT,16,BEIERL Katrin,HAHN Victoria,1,OK,5.53,15.32,24.24,34.41,40.82,51.49,130.7,,,,,,,,,,,,,
269,Result_192803.pdf,2018-02-21,2018 PyeongChang Olympics Women,W,OFFICIAL,AUT,16,BEIERL Katrin,HAHN Victoria,2,OK,5.59,15.39,24.29,34.43,40.78,51.41,131.1,,,,,,,,,,,,,
270,Result_192803.pdf,2018-02-21,2018 PyeongChang Olympics Women,W,OFFICIAL,AUT,16,BEIERL Katrin,HAHN Victoria,3,OK,5.56,15.38,24.3,34.48,40.85,51.51,131.0,,,,,,,,,,,,,
271,Result_192803.pdf,2018-02-21,2018 PyeongChang Olympics Women,W,OFFICIAL,AUT,16,BEIERL Katrin,HAHN Victoria,4,OK,5.58,15.4,24.32,34.48,40.82,51.43,131.4,,,,,,,,,,,,,
272,Result_192803.pdf,2018-02-21,2018 PyeongChang Olympics Women,W,OFFICIAL,JAM,18,FENLATOR-VICTORIAN Jazmine,RUSSELL Carrie,1,OK,5.5,15.28,24.17,34.31,40.66,51.29,130.4,,,,,,,,,,,,,
273,Result_192803.pdf,2018-02-21,2018 PyeongChang Olympics Women,W,OFFICIAL,JAM,18,FENLATOR-VICTORIAN Jazmine,RUSSELL Carrie,2,OK,5.48,15.24,24.16,34.35,40.76,51.5,128.9,,,,,,,,,,,,,
274,Result_192803.pdf,2018-02-21,2018 PyeongChang Olympics Women,W,OFFICIAL,JAM,18,FENLATOR-VICTORIAN Jazmine,RUSSELL Carrie,3,OK,5.5,15.31,24.26,34.49,40.92,51.83,127.1,,,,,,,,,,,,,
275,Result_192803.pdf,2018-02-21,2018 PyeongChang Olympics Women,W,OFFICIAL,JAM,18,FENLATOR-VICTORIAN Jazmine,RUSSELL Carrie,4,OK,5.54,15.35,24.25,34.4,40.72,51.32,130.9,,,,,,,,,,,,,
276,Result_192803.pdf,2018-02-21,2018 PyeongChang Olympics Women,W,OFFICIAL,NGR,2,ADIGUN Seun,ONWUMERE Ngozi,1,OK,5.54,15.35,24.33,34.67,41.18,52.21,127.0,,,,,,,,,,,,,
277,Result_192803.pdf,2018-02-21,2018 PyeongChang Olympics Women,W,OFFICIAL,NGR,2,ADIGUN Seun,ONWUMERE Ngozi,2,OK,5.54,15.37,24.45,34.88,41.44,52.55,126.3,,,,,,,,,,,,,
278,Result_192803.pdf,2018-02-21,2018 PyeongChang Olympics Women,W,OFFICIAL,NGR,2,ADIGUN Seun,ONWUMERE Ngozi,3,OK,5.59,15.45,24.46,34.86,41.34,52.31,127.7,,,,,,,,,,,,,
279,Result_192803.pdf,2018-02-21,2018 PyeongChang Olympics Women,W,OFFICIAL,NGR,2,ADIGUN Seun,ONWUMERE Ngozi,4,OK,5.66,15.57,24.61,34.98,41.47,52.53,127.0,,,,,,,,,,,,,
280,Result_192803.pdf,2018-02-21,2018 PyeongChang Olympics Women,W,OFFICIAL,OAR,11,SERGEEVA Nadezhda,KOCHERZHOVA Anastasia,1,DQB,,,,,,,,,,,,,,,,,,,,
281,Result_501649.pdf,2021-03-25,IBSF Sanctioned Pyeongchang 2021 2-man (4 heats),M,OFFICIAL,KOR,7,WON Yunjong,LEE Jonghyeok,1,OK,5.86,15.76,24.66,34.91,45.62,52.27,127.52,,,,,,,,,,,,,
282,Result_501649.pdf,2021-03-25,IBSF Sanctioned Pyeongchang 2021 2-man (4 heats),M,OFFICIAL,KOR,7,WON Yunjong,LEE Jonghyeok,2,OK,5.95,15.88,24.8,35.05,45.75,52.38,127.87,,,,,,,,,,,,,
283,Result_501649.pdf,2021-03-25,IBSF Sanctioned Pyeongchang 2021 2-man (4 heats),M,OFFICIAL,KOR,7,WON Yunjong,LEE Jonghyeok,3,OK,5.99,15.94,24.92,35.3,46.13,52.9,125.79,,,,,,,,,,,,,
284,Result_501649.pdf,2021-03-25,IBSF Sanctioned Pyeongchang 2021 2-man (4 heats),M,OFFICIAL,KOR,7,WON Yunjong,LEE Jonghyeok,4,OK,6.11,16.13,25.13,35.5,46.33,53.09,125.79,,,,,,,,,,,,,
285,Result_501649.pdf,2021-03-25,IBSF Sanctioned Pyeongchang 2021 2-man (4 heats),M,OFFICIAL,KOR,1,SUK Youngjin,KIM Kyunghyun,1,OK,5.98,15.9,24.79,35.04,45.72,52.35,128.76,,,,,,,,,,,,,
286,Result_501649.pdf,2021-03-25,IBSF Sanctioned Pyeongchang 2021 2-man (4 heats),M,OFFICIAL,KOR,1,SUK Youngjin,KIM Kyunghyun,2,OK,6.07,16.06,25.0,35.3,45.98,52.62,128.23,,,,,,,,,,,,,
287,Result_501649.pdf,2021-03-25,IBSF Sanctioned Pyeongchang 2021 2-man (4 heats),M,OFFICIAL,KOR,1,SUK Youngjin,KIM Kyunghyun,3,OK,5.96,15.9,24.88,35.27,46.12,52.9,126.04,,,,,,,,,,,,,
288,Result_501649.pdf,2021-03-25,IBSF Sanctioned Pyeongchang 2021 2-man (4 heats),M,OFFICIAL,KOR,1,SUK Youngjin,KIM Kyunghyun,4,OK,6.16,16.2,25.23,35.66,46.56,53.42,124.94,,,,,,,,,,,,,
289,Result_501649.pdf,2021-03-25,IBSF Sanctioned Pyeongchang 2021 2-man (4 heats),M,OFFICIAL,KOR,3,JI Hoon,PARK Myeong Gyu,1,OK,5.83,15.72,24.69,35.02,45.81,52.52,127.0,,,,,,,,,,,,,
290,Result_501649.pdf,2021-03-25,IBSF Sanctioned Pyeongchang 2021 2-man (4 heats),M,OFFICIAL,KOR,3,JI Hoon,PARK Myeong Gyu,2,OK,5.93,15.9,24.96,35.36,46.19,52.91,126.73,,,,,,,,,,,,,
291,Result_501649.pdf,2021-03-25,IBSF Sanctioned Pyeongchang 2021 2-man (4 heats),M,OFFICIAL,KOR,3,JI Hoon,PARK Myeong Gyu,3,OK,5.9,15.86,24.92,35.41,46.31,53.17,124.94,,,,,,,,,,,,,
292,Result_501649.pdf,2021-03-25,IBSF Sanctioned Pyeongchang 2021 2-man (4 heats),M,OFFICIAL,KOR,3,JI Hoon,PARK Myeong Gyu,4,OK,6.16,16.23,25.32,35.83,46.81,53.67,124.77,,,,,,,,,,,,,
293,Result_501649.pdf,2021-03-25,IBSF Sanctioned Pyeongchang 2021 2-man (4 heats),M,OFFICIAL,KOR,2,KIM Donghyun,KIM Tae-Rae,1,OK,5.87,15.82,24.92,35.39,46.39,53.32,123.27,,,,,,,,,,,,,
294,Result_501649.pdf,2021-03-25,IBSF Sanctioned Pyeongchang 2021 2-man (4 heats),M,OFFICIAL,KOR,2,KIM Donghyun,KIM Tae-Rae,2,OK,5.86,15.79,24.86,35.33,46.28,53.17,122.38,,,,,,,,,,,,,
295,Result_501649.pdf,2021-03-25,IBSF Sanctioned Pyeongchang 2021 2-man (4 heats),M,OFFICIAL,KOR,2,KIM Donghyun,KIM Tae-Rae,3,OK,5.98,15.99,25.1,35.64,46.67,53.65,121.33,,,,,,,,,,,,,
296,Result_501649.pdf,2021-03-25,IBSF Sanctioned Pyeongchang 2021 2-man (4 heats),M,OFFICIAL,KOR,2,KIM Donghyun,KIM Tae-Rae,4,OK,6.06,16.12,25.31,35.92,47.09,54.16,120.23,,,,,,,,,,,,,
297,Result_501649.pdf,2021-03-25,IBSF Sanctioned Pyeongchang 2021 2-man (4 heats),M,OFFICIAL,KOR,6,KIM Jimin,HONG Seungjoo,1,OK,6.17,16.28,25.51,36.08,47.05,53.94,124.6,,,,,,,,,,,,,
298,Result_501649.pdf,2021-03-25,IBSF Sanctioned Pyeongchang 2021 2-man (4 heats),M,OFFICIAL,KOR,6,KIM Jimin,HONG Seungjoo,2,OK,6.12,16.21,25.41,35.98,46.96,53.86,124.52,,,,,,,,,,,,,
299,Result_501649.pdf,2021-03-25,IBSF Sanctioned Pyeongchang 2021 2-man (4 heats),M,OFFICIAL,KOR,6,KIM Jimin,HONG Seungjoo,3,OK,6.1,16.19,25.45,36.14,47.28,54.3,122.13,,,,,,,,,,,,,
300,Result_501649.pdf,2021-03-25,IBSF Sanctioned Pyeongchang 2021 2-man (4 heats),M,OFFICIAL,KOR,6,KIM Jimin,HONG Seungjoo,4,OK,6.12,16.23,25.51,36.22,47.37,54.4,122.38,,,,,,,,,,,,,
301,Result_501649.pdf,2021-03-25,IBSF Sanctioned Pyeongchang 2021 2-man (4 heats),M,OFFICIAL,VIE,8,NGUYEN Dan,TRAN Qui,1,OK,6.41,16.57,25.76,36.4,47.52,54.53,122.7,,,,,,,,,,,,,
302,Result_501649.pdf,2021-03-25,IBSF Sanctioned Pyeongchang 2021 2-man (4 heats),M,OFFICIAL,VIE,8,NGUYEN Dan,TRAN Qui,2,OK,5.78,15.71,24.82,35.45,46.62,53.67,121.73,,,,,,,,,,,,,
303,Result_501649.pdf,2021-03-25,IBSF Sanctioned Pyeongchang 2021 2-man (4 heats),M,OFFICIAL,VIE,8,NGUYEN Dan,TRAN Qui,3,OK,6.41,16.57,25.79,36.54,47.84,55.06,119.68,,,,,,,,,,,,,
304,Result_501649.pdf,2021-03-25,IBSF Sanctioned Pyeongchang 2021 2-man (4 heats),M,OFFICIAL,VIE,8,NGUYEN Dan,TRAN Qui,4,OK,5.75,15.74,25.08,35.95,47.42,54.75,116.96,,,,,,,,,,,,,
305,Result_501649.pdf,2021-03-25,IBSF Sanctioned Pyeongchang 2021 2-man (4 heats),M,OFFICIAL,VIE,4,KLAUSZ Daniel,TU Le,1,OK,6.35,16.48,25.58,36.17,47.35,54.44,121.81,,,,,,,,,,,,,
306,Result_501649.pdf,2021-03-25,IBSF Sanctioned Pyeongchang 2021 2-man (4 heats),M,OFFICIAL,VIE,4,KLAUSZ Daniel,TU Le,2,OK,6.2,16.32,25.52,36.2,47.44,54.52,122.3,,,,,,,,,,,,,
307,Result_501649.pdf,2021-03-25,IBSF Sanctioned Pyeongchang 2021 2-man (4 heats),M,OFFICIAL,VIE,4,KLAUSZ Daniel,TU Le,3,OK,6.11,16.2,25.45,36.21,47.58,54.79,119.84,,,,,,,,,,,,,
308,Result_501649.pdf,2021-03-25,IBSF Sanctioned Pyeongchang 2021 2-man (4 heats),M,OFFICIAL,VIE,4,KLAUSZ Daniel,TU Le,4,OK,6.04,16.08,25.29,36.06,47.43,54.64,119.53,,,,,,,,,,,,,
309,Result_501649.pdf,2021-03-25,IBSF Sanctioned Pyeongchang 2021 2-man (4 heats),M,OFFICIAL,NGR,5,YUSUF Hammed,UGOCHUKWU Dickson,1,OK,5.9,16.32,26.28,38.05,50.44,58.64,108.21,,,,,,,,,,,,,
310,Result_501649.pdf,2021-03-25,IBSF Sanctioned Pyeongchang 2021 2-man (4 heats),M,OFFICIAL,NGR,5,YUSUF Hammed,UGOCHUKWU Dickson,2,DNF,5.79,,,,,,,,,,,,,,,,,,,
311,Result_501650.pdf,2021-03-24,IBSF Sanctioned Pyeongchang 2021 2-woman (2 heats),W,OFFICIAL,KOR,3,KIM Yooran,KIM Minseong,1,OK,6.47,16.59,25.62,35.99,46.83,53.59,125.02,,,,,,,,,,,,,
312,Result_501650.pdf,2021-03-24,IBSF Sanctioned Pyeongchang 2021 2-woman (2 heats),W,OFFICIAL,KOR,3,KIM Yooran,KIM Minseong,2,OK,6.51,16.67,25.73,36.14,47.1,53.97,122.54,,,,,,,,,,,,,
313,Result_501650.pdf,2021-03-24,IBSF Sanctioned Pyeongchang 2021 2-woman (2 heats),W,OFFICIAL,KOR,2,TRANG Tran Thi Doan,KONG Keomororkot,1,OK,6.65,16.87,26.12,36.8,47.99,55.02,121.09,,,,,,,,,,,,,
314,Result_501650.pdf,2021-03-24,IBSF Sanctioned Pyeongchang 2021 2-woman (2 heats),W,OFFICIAL,KOR,2,TRANG Tran Thi Doan,KONG Keomororkot,2,OK,6.62,16.87,26.1,36.82,48.03,55.12,121.02,,,,,,,,,,,,,
315,Result_501650.pdf,2021-03-24,IBSF Sanctioned Pyeongchang 2021 2-woman (2 heats),W,OFFICIAL,NGR,1,NWANNA Perpetua,ALAWODE Sekinat,1,OK,7.25,18.05,27.76,39.01,50.93,58.72,113.31,,,,,,,,,,,,,
316,Result_501650.pdf,2021-03-24,IBSF Sanctioned Pyeongchang 2021 2-woman (2 heats),W,OFFICIAL,NGR,1,NWANNA Perpetua,ALAWODE Sekinat,2,OK,7.31,18.0,27.69,38.92,50.7,58.34,114.86,,,,,,,,,,,,,
317,Result_501651.pdf,2021-03-24,IBSF Sanctioned Pyeongchang 2021 2-man (2 heats),M,OFFICIAL,KOR,7,WON Yunjong,LEE Jonghyeok,1,OK,5.86,15.76,24.66,34.91,45.62,52.27,127.52,,,,,,,,,,,,,
318,Result_501651.pdf,2021-03-24,IBSF Sanctioned Pyeongchang 2021 2-man (2 heats),M,OFFICIAL,KOR,7,WON Yunjong,LEE Jonghyeok,2,OK,5.95,15.88,24.8,35.05,45.75,52.38,127.87,,,,,,,,,,,,,
319,Result_501651.pdf,2021-03-24,IBSF Sanctioned Pyeongchang 2021 2-man (2 heats),M,OFFICIAL,KOR,1,SUK Youngjin,KIM Kyunghyun,1,OK,5.98,15.9,24.79,35.04,45.72,52.35,128.76,,,,,,,,,,,,,
320,Result_501651.pdf,2021-03-24,IBSF Sanctioned Pyeongchang 2021 2-man (2 heats),M,OFFICIAL,KOR,1,SUK Youngjin,KIM Kyunghyun,2,OK,6.07,16.06,25.0,35.3,45.98,52.62,128.23,,,,,,,,,,,,,
321,Result_501651.pdf,2021-03-24,IBSF Sanctioned Pyeongchang 2021 2-man (2 heats),M,OFFICIAL,KOR,3,JI Hoon,PARK Myeong Gyu,1,OK,5.83,15.72,24.69,35.02,45.81,52.52,127.0,,,,,,,,,,,,,
322,Result_501651.pdf,2021-03-24,IBSF Sanctioned Pyeongchang 2021 2-man (2 heats),M,OFFICIAL,KOR,3,JI Hoon,PARK Myeong Gyu,2,OK,5.93,15.9,24.96,35.36,46.19,52.91,126.73,,,,,,,,,,,,,
323,Result_501651.pdf,2021-03-24,IBSF Sanctioned Pyeongchang 2021 2-man (2 heats),M,OFFICIAL,KOR,2,KIM Donghyun,KIM Tae-Rae,1,OK,5.87,15.82,24.92,35.39,46.39,53.32,123.27,,,,,,,,,,,,,
324,Result_501651.pdf,2021-03-24,IBSF Sanctioned Pyeongchang 2021 2-man (2 heats),M,OFFICIAL,KOR,2,KIM Donghyun,KIM Tae-Rae,2,OK,5.86,15.79,24.86,35.33,46.28,53.17,122.38,,,,,,,,,,,,,
325,Result_501651.pdf,2021-03-24,IBSF Sanctioned Pyeongchang 2021 2-man (2 heats),M,OFFICIAL,KOR,6,KIM Jimin,HONG Seungjoo,1,OK,6.17,16.28,25.51,36.08,47.05,53.94,124.6,,,,,,,,,,,,,
326,Result_501651.pdf,2021-03-24,IBSF Sanctioned Pyeongchang 2021 2-man (2 heats),M,OFFICIAL,KOR,6,KIM Jimin,HONG Seungjoo,2,OK,6.12,16.21,25.41,35.98,46.96,53.86,124.52,,,,,,,,,,,,,
327,Result_501651.pdf,2021-03-24,IBSF Sanctioned Pyeongchang 2021 2-man (2 heats),M,OFFICIAL,VIE,8,NGUYEN Dan,TRAN Qui,1,OK,6.41,16.57,25.76,36.4,47.52,54.53,122.7,,,,,,,,,,,,,
328,Result_501651.pdf,2021-03-24,IBSF Sanctioned Pyeongchang 2021 2-man (2 heats),M,OFFICIAL,VIE,8,NGUYEN Dan,TRAN Qui,2,OK,5.78,15.71,24.82,35.45,46.62,53.67,121.73,,,,,,,,,,,,,
329,Result_501651.pdf,2021-03-24,IBSF Sanctioned Pyeongchang 2021 2-man (2 heats),M,OFFICIAL,VIE,4,KLAUSZ Daniel,TU Le,1,OK,6.35,16.48,25.58,36.17,47.35,54.44,121.81,,,,,,,,,,,,,
330,Result_501651.pdf,2021-03-24,IBSF Sanctioned Pyeongchang 2021 2-man (2 heats),M,OFFICIAL,VIE,4,KLAUSZ Daniel,TU Le,2,OK,6.2,16.32,25.52,36.2,47.44,54.52,122.3,,,,,,,,,,,,,
331,Result_501651.pdf,2021-03-24,IBSF Sanctioned Pyeongchang 2021 2-man (2 heats),M,OFFICIAL,NGR,5,YUSUF Hammed,UGOCHUKWU Dickson,1,OK,5.9,16.32,26.28,38.05,50.44,58.64,108.21,,,,,,,,,,,,,
332,Result_501651.pdf,2021-03-24,IBSF Sanctioned Pyeongchang 2021 2-man (2 heats),M,OFFICIAL,NGR,5,YUSUF Hammed,UGOCHUKWU Dickson,2,DNF,5.79,,,,,,,,,,,,,,,,,,,
333,Result_501652.pdf,2021-03-25,IBSF Sanctioned Pyeongchang 2021 2-woman (4 heats),W,OFFICIAL,KOR,3,KIM Yooran,KIM Minseong,1,OK,6.47,16.59,25.62,35.99,46.83,53.59,125.02,,,,,,,,,,,,,
334,Result_501652.pdf,2021-03-25,IBSF Sanctioned Pyeongchang 2021 2-woman (4 heats),W,OFFICIAL,KOR,3,KIM Yooran,KIM Minseong,2,OK,6.51,16.67,25.73,36.14,47.1,53.97,122.54,,,,,,,,,,,,,
335,Result_501652.pdf,2021-03-25,IBSF Sanctioned Pyeongchang 2021 2-woman (4 heats),W,OFFICIAL,KOR,3,KIM Yooran,KIM Minseong,3,OK,6.45,16.61,25.71,36.23,47.19,54.08,123.11,,,,,,,,,,,,,
336,Result_501652.pdf,2021-03-25,IBSF Sanctioned Pyeongchang 2021 2-woman (4 heats),W,OFFICIAL,KOR,3,KIM Yooran,KIM Minseong,4,OK,6.48,16.65,25.78,36.34,47.38,54.34,122.3,,,,,,,,,,,,,
337,Result_501652.pdf,2021-03-25,IBSF Sanctioned Pyeongchang 2021 2-woman (4 heats),W,OFFICIAL,KOR,2,TRANG Tran Thi Doan,KONG Keomororkot,1,OK,6.65,16.87,26.12,36.8,47.99,55.02,121.09,,,,,,,,,,,,,
338,Result_501652.pdf,2021-03-25,IBSF Sanctioned Pyeongchang 2021 2-woman (4 heats),W,OFFICIAL,KOR,2,TRANG Tran Thi Doan,KONG Keomororkot,2,OK,6.62,16.87,26.1,36.82,48.03,55.12,121.02,,,,,,,,,,,,,
339,Result_501652.pdf,2021-03-25,IBSF Sanctioned Pyeongchang 2021 2-woman (4 heats),W,OFFICIAL,KOR,2,TRANG Tran Thi Doan,KONG Keomororkot,3,OK,6.7,17.0,26.41,37.26,48.69,55.97,118.23,,,,,,,,,,,,,
340,Result_501652.pdf,2021-03-25,IBSF Sanctioned Pyeongchang 2021 2-woman (4 heats),W,OFFICIAL,KOR,2,TRANG Tran Thi Doan,KONG Keomororkot,4,OK,6.11,16.2,25.49,36.27,47.64,54.86,118.69,,,,,,,,,,,,,
341,Result_501652.pdf,2021-03-25,IBSF Sanctioned Pyeongchang 2021 2-woman (4 heats),W,OFFICIAL,NGR,1,NWANNA Perpetua,ALAWODE Sekinat,1,OK,7.25,18.05,27.76,39.01,50.93,58.72,113.31,,,,,,,,,,,,,
342,Result_501652.pdf,2021-03-25,IBSF Sanctioned Pyeongchang 2021 2-woman (4 heats),W,OFFICIAL,NGR,1,NWANNA Perpetua,ALAWODE Sekinat,2,OK,7.31,18.0,27.69,38.92,50.7,58.34,114.86,,,,,,,,,,,,,
343,Result_501652.pdf,2021-03-25,IBSF Sanctioned Pyeongchang 2021 2-woman (4 heats),W,OFFICIAL,NGR,1,NWANNA Perpetua,ALAWODE Sekinat,3,OK,7.09,17.74,27.55,38.95,50.9,58.65,114.08,,,,,,,,,,,,,
344,Result_501652.pdf,2021-03-25,IBSF Sanctioned Pyeongchang 2021 2-woman (4 heats),W,OFFICIAL,NGR,1,NWANNA Perpetua,ALAWODE Sekinat,4,OK,7.16,17.78,27.5,38.83,50.78,58.59,113.03,,,,,,,,,,,,,
345,Result_501655.pdf,2021-03-18,IBSF Sanctioned Pyeongchang 2021 2-man (2 heats) Mar18,M,OFFICIAL,KOR,1,WON Yunjong,PARK Changhyun,1,OK,5.32,15.13,24.32,35.04,46.05,52.9,124.27,,,,,,,,,,,,,
346,Result_501655.pdf,2021-03-18,IBSF Sanctioned Pyeongchang 2021 2-man (2 heats) Mar18,M,OFFICIAL,KOR,1,WON Yunjong,PARK Changhyun,2,OK,5.32,15.07,24.18,34.82,45.74,52.56,125.19,,,,,,,,,,,,,
347,Result_501655.pdf,2021-03-18,IBSF Sanctioned Pyeongchang 2021 2-man (2 heats) Mar18,M,OFFICIAL,KOR,5,SUK Youngjin,JANG Kikun,1,OK,5.29,15.03,24.21,34.94,46.01,52.9,124.27,,,,,,,,,,,,,
348,Result_501655.pdf,2021-03-18,IBSF Sanctioned Pyeongchang 2021 2-man (2 heats) Mar18,M,OFFICIAL,KOR,5,SUK Youngjin,JANG Kikun,2,OK,5.29,15.02,24.16,34.87,45.93,52.82,124.52,,,,,,,,,,,,,
349,Result_501655.pdf,2021-03-18,IBSF Sanctioned Pyeongchang 2021 2-man (2 heats) Mar18,M,OFFICIAL,KOR,7,KIM Jinsu,KIM Daehwan,1,OK,5.23,14.99,24.22,35.02,46.27,53.3,120.23,,,,,,,,,,,,,
350,Result_501655.pdf,2021-03-18,IBSF Sanctioned Pyeongchang 2021 2-man (2 heats) Mar18,M,OFFICIAL,KOR,7,KIM Jinsu,KIM Daehwan,2,OK,5.25,14.98,24.18,34.94,45.99,52.92,122.78,,,,,,,,,,,,,
351,Result_501655.pdf,2021-03-18,IBSF Sanctioned Pyeongchang 2021 2-man (2 heats) Mar18,M,OFFICIAL,KOR,8,JI Hoon,KIM Hyeonggeun,1,OK,5.28,15.06,24.31,35.18,46.32,53.23,123.52,,,,,,,,,,,,,
352,Result_501655.pdf,2021-03-18,IBSF Sanctioned Pyeongchang 2021 2-man (2 heats) Mar18,M,OFFICIAL,KOR,8,JI Hoon,KIM Hyeonggeun,2,OK,5.22,14.95,24.16,34.94,46.19,53.2,122.54,,,,,,,,,,,,,
353,Result_501655.pdf,2021-03-18,IBSF Sanctioned Pyeongchang 2021 2-man (2 heats) Mar18,M,OFFICIAL,VIE,4,KLAUSZ Daniel,TU Le,1,OK,5.58,15.59,24.97,36.04,47.59,54.88,118.46,,,,,,,,,,,,,
354,Result_501655.pdf,2021-03-18,IBSF Sanctioned Pyeongchang 2021 2-man (2 heats) Mar18,M,OFFICIAL,VIE,4,KLAUSZ Daniel,TU Le,2,OK,5.6,15.6,24.98,35.96,47.41,54.66,119.15,,,,,,,,,,,,,
355,Result_501655.pdf,2021-03-18,IBSF Sanctioned Pyeongchang 2021 2-man (2 heats) Mar18,M,OFFICIAL,VIE,3,NGUYEN Dan,TRAN Hoa,1,OK,5.68,15.68,25.04,36.12,47.7,55.1,118.08,,,,,,,,,,,,,
356,Result_501655.pdf,2021-03-18,IBSF Sanctioned Pyeongchang 2021 2-man (2 heats) Mar18,M,OFFICIAL,VIE,3,NGUYEN Dan,TRAN Hoa,2,OK,5.62,15.57,24.88,35.84,47.36,54.68,118.23,,,,,,,,,,,,,
357,Result_501655.pdf,2021-03-18,IBSF Sanctioned Pyeongchang 2021 2-man (2 heats) Mar18,M,OFFICIAL,KOR,2,KIM Jimin,HONG Seungjoo,1,OK,5.67,15.72,25.22,36.44,48.02,55.32,119.22,,,,,,,,,,,,,
358,Result_501655.pdf,2021-03-18,IBSF Sanctioned Pyeongchang 2021 2-man (2 heats) Mar18,M,OFFICIAL,KOR,2,KIM Jimin,HONG Seungjoo,2,OK,5.75,15.82,25.35,36.49,47.94,55.14,120.15,,,,,,,,,,,,,
359,Result_501655.pdf,2021-03-18,IBSF Sanctioned Pyeongchang 2021 2-man (2 heats) Mar18,M,OFFICIAL,KOR,6,KANG Han,KIM Semyeong,1,OK,5.87,15.99,25.72,37.32,49.42,57.47,111.13,,,,,,,,,,,,,
360,Result_501655.pdf,2021-03-18,IBSF Sanctioned Pyeongchang 2021 2-man (2 heats) Mar18,M,OFFICIAL,KOR,6,KANG Han,KIM Semyeong,2,OK,5.82,15.95,25.62,37.07,49.03,56.79,113.59,,,,,,,,,,,,,
361,Result_501666.pdf,2021-03-12,IBSF Sanctioned Pyeongchang 2021 2-man (2 heats) Mar12,M,OFFICIAL,KOR,2,WON Yunjong,LEE Kyungyeon,1,OK,5.38,15.17,24.33,35.1,46.31,53.44,121.09,,,,,,,,,,,,,
362,Result_501666.pdf,2021-03-12,IBSF Sanctioned Pyeongchang 2021 2-man (2 heats) Mar12,M,OFFICIAL,KOR,2,WON Yunjong,LEE Kyungyeon,2,OK,5.38,15.22,24.4,35.22,46.48,53.67,120.15,,,,,,,,,,,,,
363,Result_501666.pdf,2021-03-12,IBSF Sanctioned Pyeongchang 2021 2-man (2 heats) Mar12,M,OFFICIAL,KOR,3,SUK Youngjin,KIM Daehwan,1,OK,5.37,15.14,24.27,35.05,46.17,53.23,121.97,,,,,,,,,,,,,
364,Result_501666.pdf,2021-03-12,IBSF Sanctioned Pyeongchang 2021 2-man (2 heats) Mar12,M,OFFICIAL,KOR,3,SUK Youngjin,KIM Daehwan,2,OK,5.42,15.28,24.56,35.56,46.99,54.33,118.23,,,,,,,,,,,,,
365,Result_501666.pdf,2021-03-12,IBSF Sanctioned Pyeongchang 2021 2-man (2 heats) Mar12,M,OFFICIAL,KOR,5,JI Hoon,KIM Taeyang,1,OK,5.33,15.11,24.34,35.23,46.54,53.74,120.0,,,,,,,,,,,,,
366,Result_501666.pdf,2021-03-12,IBSF Sanctioned Pyeongchang 2021 2-man (2 heats) Mar12,M,OFFICIAL,KOR,5,JI Hoon,KIM Taeyang,2,OK,5.54,15.47,24.8,35.73,47.15,54.46,118.46,,,,,,,,,,,,,
367,Result_501666.pdf,2021-03-12,IBSF Sanctioned Pyeongchang 2021 2-man (2 heats) Mar12,M,OFFICIAL,ISR,1,EDELMAN Adam,MORAN Nijem,1,OK,5.47,15.33,24.66,35.7,47.25,54.67,117.18,,,,,,,,,,,,,
368,Result_501666.pdf,2021-03-12,IBSF Sanctioned Pyeongchang 2021 2-man (2 heats) Mar12,M,OFFICIAL,ISR,1,EDELMAN Adam,MORAN Nijem,2,OK,5.49,15.39,24.76,35.8,47.42,54.9,116.3,,,,,,,,,,,,,
369,Result_501666.pdf,2021-03-12,IBSF Sanctioned Pyeongchang 2021 2-man (2 heats) Mar12,M,OFFICIAL,KOR,6,KIM Jimin,KIM Geunho,1,OK,5.63,15.62,25.04,36.07,47.52,54.86,118.61,,,,,,,,,,,,,
370,Result_501666.pdf,2021-03-12,IBSF Sanctioned Pyeongchang 2021 2-man (2 heats) Mar12,M,OFFICIAL,KOR,6,KIM Jimin,KIM Geunho,2,OK,5.62,15.66,25.11,36.26,47.91,55.37,116.89,,,,,,,,,,,,,
371,Result_501666.pdf,2021-03-12,IBSF Sanctioned Pyeongchang 2021 2-man (2 heats) Mar12,M,OFFICIAL,KOR,4,KANG Han,KIM Semyeong,1,OK,6.2,16.4,26.14,37.94,50.23,58.21,110.27,,,,,,,,,,,,,
372,Result_501666.pdf,2021-03-12,IBSF Sanctioned Pyeongchang 2021 2-man (2 heats) Mar12,M,OFFICIAL,KOR,4,KANG Han,KIM Semyeong,2,DNF,5.99,,,,,,,,,,,,,,,,,,,
373,Result_501672.pdf,2021-03-12,IBSF Sanctioned Pyeongchang 2021 2-woman (2 heats) Mar12,W,OFFICIAL,KOR,4,KIM Yooran,JEON Eunji,1,OK,5.89,15.95,25.26,36.18,47.51,54.77,118.92,,,,,,,,,,,,,
374,Result_501672.pdf,2021-03-12,IBSF Sanctioned Pyeongchang 2021 2-woman (2 heats) Mar12,W,OFFICIAL,KOR,4,KIM Yooran,JEON Eunji,2,OK,5.89,15.96,25.3,36.25,47.63,54.93,117.85,,,,,,,,,,,,,
375,Result_501672.pdf,2021-03-12,IBSF Sanctioned Pyeongchang 2021 2-woman (2 heats) Mar12,W,OFFICIAL,AUS,2,WERNER Ashleigh,TOBIN Peta,1,OK,5.66,15.62,24.97,36.02,47.49,54.94,115.36,,,,,,,,,,,,,
376,Result_501672.pdf,2021-03-12,IBSF Sanctioned Pyeongchang 2021 2-woman (2 heats) Mar12,W,OFFICIAL,AUS,2,WERNER Ashleigh,TOBIN Peta,2,OK,5.7,15.75,25.11,36.15,47.71,55.23,115.72,,,,,,,,,,,,,
377,Result_501672.pdf,2021-03-12,IBSF Sanctioned Pyeongchang 2021 2-woman (2 heats) Mar12,W,OFFICIAL,KOR,3,TRANG Tran Thi Doan,KONG Keomororkot,1,OK,6.21,16.44,26.04,37.38,49.32,57.19,112.28,,,,,,,,,,,,,
378,Result_501672.pdf,2021-03-12,IBSF Sanctioned Pyeongchang 2021 2-woman (2 heats) Mar12,W,OFFICIAL,KOR,3,TRANG Tran Thi Doan,KONG Keomororkot,2,OK,6.24,16.54,26.22,37.61,49.63,57.52,112.14,,,,,,,,,,,,,
379,Result_501672.pdf,2021-03-12,IBSF Sanctioned Pyeongchang 2021 2-woman (2 heats) Mar12,W,OFFICIAL,KOR,1,PARK Inyoung,PARK Eunji,1,OK,6.64,17.06,26.9,38.83,51.4,59.84,106.77,,,,,,,,,,,,,
380,Result_501672.pdf,2021-03-12,IBSF Sanctioned Pyeongchang 2021 2-woman (2 heats) Mar12,W,OFFICIAL,KOR,1,PARK Inyoung,PARK Eunji,2,OK,6.46,16.87,26.68,38.53,51.13,59.55,106.83,,,,,,,,,,,,,
381,Result_502285.pdf,2022-03-10,IBSF Sanctioned Pyeongchang 2022 2-man,M,OFFICIAL,KOR,4,KIM Jinsu,KIM Hyeonggeun,1,OK,5.84,15.74,24.78,35.23,46.05,52.87,125.96,,,,,,,,,,,,,
382,Result_502285.pdf,2022-03-10,IBSF Sanctioned Pyeongchang 2022 2-man,M,OFFICIAL,KOR,4,KIM Jinsu,KIM Hyeonggeun,2,OK,5.82,15.72,24.73,35.17,46.11,52.96,124.43,,,,,,,,,,,,,
383,Result_502285.pdf,2022-03-10,IBSF Sanctioned Pyeongchang 2022 2-man,M,OFFICIAL,KOR,3,SUK Youngjin,SHIN Ye Chan,1,OK,6.14,16.15,25.1,35.39,46.05,52.69,127.79,,,,,,,,,,,,,
384,Result_502285.pdf,2022-03-10,IBSF Sanctioned Pyeongchang 2022 2-man,M,OFFICIAL,KOR,3,SUK Youngjin,SHIN Ye Chan,2,OK,6.32,16.41,25.43,35.8,46.57,53.27,126.3,,,,,,,,,,,,,
385,Result_502285.pdf,2022-03-10,IBSF Sanctioned Pyeongchang 2022 2-man,M,OFFICIAL,KOR,6,WON Yunjong,KIM Donghyun,1,OK,6.0,15.95,25.0,35.47,46.36,53.18,124.43,,,,,,,,,,,,,
386,Result_502285.pdf,2022-03-10,IBSF Sanctioned Pyeongchang 2022 2-man,M,OFFICIAL,KOR,6,WON Yunjong,KIM Donghyun,2,OK,6.24,16.29,25.39,35.92,46.85,53.7,124.18,,,,,,,,,,,,,
387,Result_502285.pdf,2022-03-10,IBSF Sanctioned Pyeongchang 2022 2-man,M,OFFICIAL,KOR,5,JI Hoon,PARK Changhyun,1,OK,6.14,16.17,25.3,35.81,46.77,53.63,124.69,,,,,,,,,,,,,
388,Result_502285.pdf,2022-03-10,IBSF Sanctioned Pyeongchang 2022 2-man,M,OFFICIAL,KOR,5,JI Hoon,PARK Changhyun,2,OK,6.29,16.42,25.6,36.12,47.05,53.86,124.27,,,,,,,,,,,,,
389,Result_502285.pdf,2022-03-10,IBSF Sanctioned Pyeongchang 2022 2-man,M,OFFICIAL,VIE,2,KLAUSZ Daniel,TRAN Qui,1,OK,6.39,16.49,25.64,36.17,47.1,53.92,124.69,,,,,,,,,,,,,
390,Result_502285.pdf,2022-03-10,IBSF Sanctioned Pyeongchang 2022 2-man,M,OFFICIAL,VIE,2,KLAUSZ Daniel,TRAN Qui,2,OK,6.29,16.39,25.55,36.11,47.08,53.94,124.1,,,,,,,,,,,,,
391,Result_502285.pdf,2022-03-10,IBSF Sanctioned Pyeongchang 2022 2-man,M,OFFICIAL,KOR,1,KIM Jimin,HONG Seungjoo,1,OK,6.18,16.28,25.53,36.23,47.46,54.54,122.05,,,,,,,,,,,,,
392,Result_502285.pdf,2022-03-10,IBSF Sanctioned Pyeongchang 2022 2-man,M,OFFICIAL,KOR,1,KIM Jimin,HONG Seungjoo,2,OK,6.25,16.37,25.64,36.35,47.52,54.51,122.86,,,,,,,,,,,,,
393,Result_502286.pdf,2022-03-10,IBSF Sanctioned Pyeongchang 2022 2-woman,W,OFFICIAL,VIE,2,TRANG Tran Thi Doan,NGUYEN Chau,1,OK,6.56,16.77,26.08,36.86,48.09,55.15,121.09,,,,,,,,,,,,,
394,Result_502286.pdf,2022-03-10,IBSF Sanctioned Pyeongchang 2022 2-woman,W,OFFICIAL,VIE,2,TRANG Tran Thi Doan,NGUYEN Chau,2,OK,6.62,16.83,26.04,36.73,47.93,55.03,121.81,,,,,,,,,,,,,
395,Result_502286.pdf,2022-03-10,IBSF Sanctioned Pyeongchang 2022 2-woman,W,OFFICIAL,KOR,1,KIM Yooran,JOO Hyeongwon,1,OK,7.2,17.58,26.92,37.75,49.08,56.25,120.54,,,,,,,,,,,,,
396,Result_502286.pdf,2022-03-10,IBSF Sanctioned Pyeongchang 2022 2-woman,W,OFFICIAL,KOR,1,KIM Yooran,JOO Hyeongwon,2,OK,7.24,17.62,27.0,37.93,49.36,56.57,120.0,,,,,,,,,,,,,
397,Result_502286.pdf,2022-03-10,IBSF Sanctioned Pyeongchang 2022 2-woman,W,OFFICIAL,THA,3,SATTAPORN Sumita,PAENMUEK Karuna,1,OK,7.6,18.08,27.54,38.56,50.28,57.81,116.81,,,,,,,,,,,,,
398,Result_502286.pdf,2022-03-10,IBSF Sanctioned Pyeongchang 2022 2-woman,W,OFFICIAL,THA,3,SATTAPORN Sumita,PAENMUEK Karuna,2,OK,7.36,17.84,27.36,38.47,50.25,57.8,116.15,,,,,,,,,,,,,
399,Result_502666.pdf,2023-03-10,IBSF Sanctioned Pyeongchang 2023 2-man,M,OFFICIAL,KOR,1,SUK Youngjin,KIM Sunwook,1,OK,5.19,14.82,23.7,34.05,44.87,51.64,126.65,,,,,,,,,,,,,
400,Result_502666.pdf,2023-03-10,IBSF Sanctioned Pyeongchang 2023 2-man,M,OFFICIAL,KOR,1,SUK Youngjin,KIM Sunwook,2,OK,5.18,14.8,23.7,34.08,45.03,51.91,124.94,,,,,,,,,,,,,
401,Result_502666.pdf,2023-03-10,IBSF Sanctioned Pyeongchang 2023 2-man,M,OFFICIAL,KOR,3,KIM Jinsu,LEE Kyungyeon,1,OK,5.14,14.75,23.63,33.98,44.89,51.76,125.19,,,,,,,,,,,,,
402,Result_502666.pdf,2023-03-10,IBSF Sanctioned Pyeongchang 2023 2-man,M,OFFICIAL,KOR,3,KIM Jinsu,LEE Kyungyeon,2,OK,5.19,14.82,23.72,34.12,45.13,52.07,124.35,,,,,,,,,,,,,
403,Result_502666.pdf,2023-03-10,IBSF Sanctioned Pyeongchang 2023 2-man,M,OFFICIAL,KOR,2,KIM Hyeonggeun,PARK Samuel,1,OK,5.03,14.65,23.7,34.22,45.31,52.29,122.38,,,,,,,,,,,,,
404,Result_502666.pdf,2023-03-10,IBSF Sanctioned Pyeongchang 2023 2-man,M,OFFICIAL,KOR,2,KIM Hyeonggeun,PARK Samuel,2,OK,5.11,14.74,23.78,34.27,45.36,52.35,122.86,,,,,,,,,,,,,
405,Result_502666.pdf,2023-03-10,IBSF Sanctioned Pyeongchang 2023 2-man,M,OFFICIAL,VIE,4,KLAUSZ Daniel,TU Le,1,OK,5.5,15.35,24.58,35.37,46.72,53.95,119.92,,,,,,,,,,,,,
406,Result_502666.pdf,2023-03-10,IBSF Sanctioned Pyeongchang 2023 2-man,M,OFFICIAL,VIE,4,KLAUSZ Daniel,TU Le,2,OK,5.54,15.37,24.47,35.15,46.5,53.75,119.38,,,,,,,,,,,,,
407,Result_502670.pdf,2023-03-11,IBSF Sanctioned Pyeongchang 2023 2-woman,W,OFFICIAL,KOR,1,KIM Yooran,JEON Eunji,1,OK,5.71,15.62,24.73,35.5,47.09,54.55,117.63,,,,,,,,,,,,,
408,Result_502670.pdf,2023-03-11,IBSF Sanctioned Pyeongchang 2023 2-woman,W,OFFICIAL,KOR,1,KIM Yooran,JEON Eunji,2,OK,5.75,15.73,24.9,35.71,47.28,54.73,117.63,,,,,,,,,,,,,
409,Result_502670.pdf,2023-03-11,IBSF Sanctioned Pyeongchang 2023 2-woman,W,OFFICIAL,KOR,2,PARK Inyoung,SEO Yurim,1,OK,5.81,15.81,24.95,35.75,47.31,54.71,116.37,,,,,,,,,,,,,
410,Result_502670.pdf,2023-03-11,IBSF Sanctioned Pyeongchang 2023 2-woman,W,OFFICIAL,KOR,2,PARK Inyoung,SEO Yurim,2,OK,5.87,15.9,25.07,35.87,47.44,54.87,116.89,,,,,,,,,,,,,
411,Result_504918.pdf,2025-02-27,2025 Korea Cup 2-man,M,OFFICIAL,KOR,1,SUK Youngjin,CHAE Byungdo,1,OK,5.39,15.08,23.96,34.2,44.8,51.36,130.4,,,,,,,,,,,,,
412,Result_504918.pdf,2025-02-27,2025 Korea Cup 2-man,M,OFFICIAL,KOR,1,SUK Youngjin,CHAE Byungdo,2,OK,5.42,15.13,24.03,34.3,44.94,51.52,129.67,,,,,,,,,,,,,
413,Result_504918.pdf,2025-02-27,2025 Korea Cup 2-man,M,OFFICIAL,TUN,5,LOURIMI Jonathan,LAABIDI Mohamed Mounes,1,OK,5.46,15.26,24.35,34.98,46.23,53.38,121.49,,,,,,,,,,,,,
414,Result_504918.pdf,2025-02-27,2025 Korea Cup 2-man,M,OFFICIAL,TUN,5,LOURIMI Jonathan,LAABIDI Mohamed Mounes,2,OK,5.48,15.29,24.39,34.99,46.21,53.32,122.05,,,,,,,,,,,,,
415,Result_504918.pdf,2025-02-27,2025 Korea Cup 2-man,M,OFFICIAL,THA,2,PALAKAI Kitthamet,WONGPIYAKUL Piyapong,1,OK,5.33,15.12,24.3,35.0,46.33,53.53,119.84,,,,,,,,,,,,,
416,Result_504918.pdf,2025-02-27,2025 Korea Cup 2-man,M,OFFICIAL,THA,2,PALAKAI Kitthamet,WONGPIYAKUL Piyapong,2,OK,5.35,15.15,24.37,35.09,46.53,53.83,118.76,,,,,,,,,,,,,
417,Result_504918.pdf,2025-02-27,2025 Korea Cup 2-man,M,OFFICIAL,PHI,6,ETRATA Eugene,ALCAIDE John Onil,1,OK,5.66,15.69,24.96,35.68,46.93,54.02,122.46,,,,,,,,,,,,,
418,Result_504918.pdf,2025-02-27,2025 Korea Cup 2-man,M,OFFICIAL,PHI,6,ETRATA Eugene,ALCAIDE John Onil,2,OK,5.67,15.68,24.94,35.64,46.96,54.11,121.65,,,,,,,,,,,,,
419,Result_504923.pdf,2025-02-28,2025 Korea Cup 2-woman,W,OFFICIAL,KOR,1,KIM Yooran,KIM Hayeong,1,OK,5.85,15.83,24.92,35.38,46.3,53.12,125.62,,,,,,,,,,,,,
420,Result_504923.pdf,2025-02-28,2025 Korea Cup 2-woman,W,OFFICIAL,KOR,1,KIM Yooran,KIM Hayeong,2,OK,5.95,15.97,25.09,35.59,46.62,53.52,124.52,,,,,,,,,,,,,
421,Result_504923.pdf,2025-02-28,2025 Korea Cup 2-woman,W,OFFICIAL,PHI,3,SUMALPONG Reah Joy,SHIRLEY SALAMAGOS,1,OK,5.99,16.12,25.35,36.13,47.73,55.13,117.85,,,,,,,,,,,,,
422,Result_504923.pdf,2025-02-28,2025 Korea Cup 2-woman,W,OFFICIAL,PHI,3,SUMALPONG Reah Joy,SHIRLEY SALAMAGOS,2,OK,5.99,16.11,25.37,36.13,47.66,55.07,117.56,,,,,,,,,,,,,
423,Result_504923.pdf,2025-02-28,2025 Korea Cup 2-woman,W,OFFICIAL,THA,4,CAMPEOL Agnese,WANNAKHOT Phaethong,1,OK,5.93,16.01,25.4,36.35,47.99,55.47,117.33,,,,,,,,,,,,,
424,Result_504923.pdf,2025-02-28,2025 Korea Cup 2-woman,W,OFFICIAL,THA,4,CAMPEOL Agnese,WANNAKHOT Phaethong,2,OK,5.85,15.92,25.32,36.3,47.98,55.48,116.45,,,,,,,,,,,,,
