date,event,format,gender,nat,name,run,start_time,int1,int2,int3,int4,finish,speed,air_temp,ice_temp,is_normal,status
2025-02-16,ACh Women Singles,COMPETITION,W,KOR,"Jung, Hyesun",1,4.392,16.547,24.595,28.497,40.152,47.399,113.16,4.8,-3.2,True,OK
2025-02-16,ACh Women Singles,COMPETITION,W,CHN,"Wang, Peixuan",1,4.368,16.555,24.675,28.612,40.45,47.897,112.19,4.8,-3.2,True,OK
2025-02-16,ACh Women Singles,COMPETITION,W,KOR,"Shin, Yubin",1,4.444,16.722,24.848,28.794,40.631,48.009,111.37,4.8,-3.2,True,OK
2025-02-16,ACh Women Singles,COMPETITION,W,KOR,"Kim, Soyoon",1,4.383,16.643,24.759,28.716,40.593,48.025,110.97,4.8,-3.2,True,OK
2025-02-16,ACh Women Singles,COMPETITION,W,KOR,"Park, Jiye",1,4.458,16.797,24.966,28.956,40.922,48.403,110.16,4.8,-3.2,True,OK
2025-02-16,ACh Women Singles,COMPETITION,W,CHN,"Hu, Huilan",1,4.395,16.636,24.717,28.683,40.776,48.665,110.03,4.8,-3.2,True,OK
2025-02-15,Nationscup Women Singles,COMPETITION,W,AUT,"Prock, Hannah",1,4.395,16.478,24.453,28.306,39.782,46.832,112.19,5.2,-1.5,True,OK
2025-02-15,Nationscup Women Singles,COMPETITION,W,ITA,"Zoeggeler, Nina",1,4.392,16.487,24.457,28.351,39.919,47.079,107.32,5.2,-1.5,True,OK
2025-02-15,Nationscup Women Singles,COMPETITION,W,AUT,"Schwarz, Dorothea",1,4.359,16.488,24.513,28.411,40.04,47.225,112.61,5.2,-1.5,True,OK
2025-02-15,Nationscup Women Singles,COMPETITION,W,SWE,"Kohala, Tove",1,4.38,16.511,24.52,28.401,40.056,47.302,113.16,5.2,-1.5,True,OK
2025-02-15,Nationscup Women Singles,COMPETITION,W,KOR,"Jung, Hyesun",1,4.405,16.54,24.575,28.493,40.4,47.768,108.34,5.2,-1.5,True,OK
2025-02-15,Nationscup Women Singles,COMPETITION,W,UKR,"Smaha, Olena",1,4.4,16.611,24.75,28.692,40.528,47.93,110.63,5.2,-1.5,True,OK
2025-02-15,Nationscup Women Singles,COMPETITION,W,KOR,"Kim, Soyoon",1,4.394,16.608,24.71,28.647,40.497,47.99,111.24,5.2,-1.5,True,OK
2025-02-15,Nationscup Women Singles,COMPETITION,W,KOR,"Shin, Yubin",1,4.432,16.691,24.816,28.753,40.589,48.012,110.76,5.2,-1.5,True,OK
2025-02-15,Nationscup Women Singles,COMPETITION,W,CHN,"Wang, Peixuan",1,4.359,16.511,24.548,28.467,40.649,48.289,112.05,5.2,-1.5,True,OK
2025-02-15,Nationscup Women Singles,COMPETITION,W,KOR,"Park, Jiye",1,4.441,16.745,24.927,28.903,40.883,48.46,110.7,5.2,-1.5,True,OK
2025-02-15,Nationscup Women Singles,COMPETITION,W,IRL,"Desmond, Elsa",1,4.407,16.639,24.773,28.787,40.95,48.738,108.98,5.2,-1.5,True,OK
2025-02-15,Nationscup Women Singles,COMPETITION,W,CHN,"Hu, Huilan",1,4.431,16.768,24.874,28.796,42.207,50.653,111.64,5.2,-1.5,True,OK
2017-02-18,WC Women 2016/2017,COMPETITION,W,RUS,"Ivanova, Tatyana",1,4.332,16.411,24.386,35.224,,46.856,113.44,,,True,OK
2017-02-18,WC Women 2016/2017,COMPETITION,W,GER,"Geisenberger, Natalie",1,4.319,16.371,24.336,35.183,,46.795,114.08,,,True,OK
2017-02-18,WC Women 2016/2017,COMPETITION,W,GER,Taubitz Julia,1,4.36,16.475,24.465,35.309,,46.825,113.87,,,True,OK
2017-02-18,WC Women 2016/2017,COMPETITION,W,GER,"Huefner, Tatjana",1,4.318,16.363,24.353,35.347,,47.116,117.75,,,True,OK
2017-02-18,WC Women 2016/2017,COMPETITION,W,AUT,"Platzer, Birgit",1,4.388,16.516,24.532,35.43,,47.059,111.99,,,True,OK
2017-02-18,WC Women 2016/2017,COMPETITION,W,CAN,"McRae, Kimberley",1,4.357,16.444,24.445,35.497,,47.332,109.9,,,True,OK
2017-02-18,WC Women 2016/2017,COMPETITION,W,LAT,"Zirne, Ulla",1,4.461,16.576,24.574,35.508,,47.306,112.95,,,True,OK
2017-02-18,WC Women 2016/2017,COMPETITION,W,GER,"Eitberger, Dajana",1,4.369,16.437,24.406,35.526,,47.541,115.6,,,True,OK
2017-02-18,WC Women 2016/2017,COMPETITION,W,SUI,"Kocher, Martina",1,4.382,16.508,24.514,35.485,,47.268,112.74,,,True,OK
2017-02-18,WC Women 2016/2017,COMPETITION,W,USA,"Hamlin, Erin",1,4.38,16.484,24.5,35.563,,47.461,112.47,,,True,OK
2017-02-18,WC Women 2016/2017,COMPETITION,W,LAT,"Cauce, Eliza",1,4.374,16.507,24.531,35.547,,47.38,110.1,,,True,OK
2017-02-18,WC Women 2016/2017,COMPETITION,W,RUS,"Baturina, Ekaterina",1,4.364,16.43,24.41,35.401,,47.21,111.37,,,True,OK
2017-02-18,WC Women 2016/2017,COMPETITION,W,USA,"Britcher, Summer",1,4.348,16.451,24.437,35.471,,47.403,114.01,,,True,OK
2017-02-18,WC Women 2016/2017,COMPETITION,W,CAN,"Gough, Alex",1,4.312,16.37,24.351,35.671,,47.905,112.47,,,True,OK
2017-02-18,WC Women 2016/2017,COMPETITION,W,ROU,"Stramaturaru, Raluca",1,4.434,16.574,24.593,35.529,,47.283,112.81,,,True,OK
2017-02-18,WC Women 2016/2017,COMPETITION,W,AUT,"Egle, Madeleine",1,4.411,16.613,24.677,35.646,,47.377,107.19,,,True,OK
2017-02-18,WC Women 2016/2017,COMPETITION,W,RUS,"Katnikova, Ekaterina",1,4.411,16.566,24.63,35.603,,47.477,111.64,,,True,OK
2017-02-18,WC Women 2016/2017,COMPETITION,W,POL,"Kuls, Ewa",1,4.384,16.557,24.641,35.954,,48.336,116.11,,,True,OK
2017-02-18,WC Women 2016/2017,COMPETITION,W,RUS,"Demchenko, Victoria",1,4.396,16.531,24.565,36.131,,48.495,106.76,,,True,OK
2017-02-18,WC Women 2016/2017,COMPETITION,W,ITA,"Voetter, Andrea",1,4.406,16.529,24.572,35.964,,48.315,107.63,,,True,OK
2017-02-18,WC Women 2016/2017,COMPETITION,W,USA,"Sweeney, Emily",1,4.388,16.544,24.55,36.402,,49.447,111.85,,,True,OK
2017-02-18,WC Women 2016/2017,COMPETITION,W,AUT,"Kastlunger, Miriam",1,4.426,16.548,24.581,35.873,,48.084,110.9,,,True,OK
2017-02-18,WC Women 2016/2017,COMPETITION,W,CAN,"Apshkrum, Brooke",1,4.398,16.525,24.554,35.712,,47.619,110.43,,,True,OK
2017-02-17,NC Women 2016/2017,COMPETITION,W,GER,Taubitz Julia,1,4.362,16.499,24.524,35.429,,47.055,113.3,,,True,OK
2017-02-17,NC Women 2016/2017,COMPETITION,W,GER,"Eitberger, Dajana",1,4.352,16.455,24.469,35.436,,47.226,111.85,,,True,OK
2017-02-17,NC Women 2016/2017,COMPETITION,W,RUS,"Katnikova, Ekaterina",1,4.412,16.578,24.67,35.687,,47.518,111.85,,,True,OK
2017-02-17,NC Women 2016/2017,COMPETITION,W,LAT,"Zirne, Ulla",1,4.461,16.598,24.643,35.705,,47.559,116.11,,,True,OK
2017-02-17,NC Women 2016/2017,COMPETITION,W,CAN,"Apshkrum, Brooke",1,4.406,16.603,24.698,35.723,,47.57,111.58,,,True,OK
2017-02-17,NC Women 2016/2017,COMPETITION,W,ITA,"Voetter, Andrea",1,4.428,16.601,24.72,35.732,,47.578,112.4,,,True,OK
2017-02-17,NC Women 2016/2017,COMPETITION,W,AUT,"Egle, Madeleine",1,4.405,16.642,24.717,35.721,,47.599,110.97,,,True,OK
2017-02-17,NC Women 2016/2017,COMPETITION,W,LAT,"Aparjode, Kendija",1,4.432,16.667,24.722,35.723,,47.638,112.81,,,True,OK
2017-02-17,NC Women 2016/2017,COMPETITION,W,RUS,"Mikhaylenko, Olesya",1,4.428,16.698,24.772,35.807,,47.682,111.44,,,True,OK
2017-02-17,NC Women 2016/2017,COMPETITION,W,RUS,"Demchenko, Victoria",1,4.38,16.562,24.656,35.696,,47.775,111.78,,,True,OK
2017-02-17,NC Women 2016/2017,COMPETITION,W,RUS,"Baturina, Ekaterina",1,4.355,16.452,24.484,35.666,,47.779,114.87,,,True,OK
2017-02-17,NC Women 2016/2017,COMPETITION,W,POL,"Kuls, Ewa",1,4.381,16.581,24.675,35.784,,47.868,112.05,,,True,OK
2017-02-17,NC Women 2016/2017,COMPETITION,W,ROU,"Stramaturaru, Raluca",1,4.415,16.599,24.658,35.846,,47.868,112.05,,,True,OK
2017-02-17,NC Women 2016/2017,COMPETITION,W,KOR,"Sung, Eunryung",1,4.384,16.596,24.768,35.903,,47.968,110.9,,,True,OK
2017-02-17,NC Women 2016/2017,COMPETITION,W,POL,"Wojtusciszyn, Natalia",1,4.437,16.664,24.741,35.928,,47.998,109.96,,,True,OK
2017-02-17,NC Women 2016/2017,COMPETITION,W,UKR,"Shkhumova, Olena",1,4.432,16.699,24.826,35.956,,48.005,111.64,,,True,OK
2017-02-17,NC Women 2016/2017,COMPETITION,W,KOR,"Frisch, Aileen Christina",1,4.386,16.529,24.629,35.853,,48.006,108.4,,,True,OK
2017-02-17,NC Women 2016/2017,COMPETITION,W,CRO,"Obratov, Daria",1,4.433,16.642,24.735,35.944,,48.188,111.24,,,True,OK
2017-02-17,NC Women 2016/2017,COMPETITION,W,ARG,"Ravenna, Veronica Maria",1,4.453,16.691,24.822,35.921,,48.201,111.99,,,True,OK
2017-02-17,NC Women 2016/2017,COMPETITION,W,KOR,"Jung, Hyesun",1,4.411,16.739,24.949,36.125,,48.207,110.76,,,True,OK
2017-02-17,NC Women 2016/2017,COMPETITION,W,SVK,"Simonakova, Katarina",1,4.428,16.68,24.882,36.196,,48.564,108.46,,,True,OK
2017-02-17,NC Women 2016/2017,COMPETITION,W,CZE,"Noskova, Tereza",1,4.437,16.744,24.936,36.207,,48.575,109.64,,,True,OK
2017-02-17,NC Women 2016/2017,COMPETITION,W,KOR,"Choi, Eunju",1,4.396,16.626,24.759,36.226,,48.693,112.19,,,True,OK
2017-02-17,NC Women 2016/2017,COMPETITION,W,FRA,"Boch, Margot Catherine",1,4.389,16.636,24.785,36.293,,48.826,111.78,,,True,OK
2017-02-17,NC Women 2016/2017,COMPETITION,W,UKR,"Stetskiv, Olena",1,4.395,16.66,24.869,36.149,,48.871,109.11,,,True,OK
2017-02-17,NC Women 2016/2017,COMPETITION,W,GBR,"Scott, Danielle Louise",1,4.504,16.755,24.96,36.452,,49.086,109.64,,,True,OK
2017-02-17,NC Women 2016/2017,COMPETITION,W,CHN,"Hu, Huilan",1,4.584,16.904,25.103,36.604,,49.208,106.57,,,True,OK
2017-02-17,NC Women 2016/2017,COMPETITION,W,SUI,"Maag, Natalie",1,4.391,16.605,24.715,36.283,,49.38,103.2,,,True,OK
2017-02-17,NC Women 2016/2017,COMPETITION,W,AUT,"Prock, Hannah",1,4.436,16.832,25.004,36.77,,49.513,103.08,,,True,OK
2017-02-17,NC Women 2016/2017,COMPETITION,W,USA,"Germaine, Raychel Michele",1,4.417,16.622,24.71,36.529,,49.517,108.4,,,True,OK
2017-02-17,NC Women 2016/2017,COMPETITION,W,TPE,"Lin, Sin-Rong",1,4.538,17.051,25.401,36.889,,49.651,108.98,,,True,OK
2017-02-17,NC Women 2016/2017,COMPETITION,W,UKR,"Gula, Dariya",1,4.42,16.719,24.954,36.697,,49.657,105.58,,,True,OK
2017-02-17,NC Women 2016/2017,COMPETITION,W,ITA,"Robatscher, Sandra",1,4.415,16.584,24.658,36.445,,49.76,102.62,,,True,OK
2017-02-17,NC Women 2016/2017,COMPETITION,W,TPE,"Lin, Jr-Yun",1,4.623,17.133,25.467,36.996,,49.899,108.4,,,True,OK
2017-02-17,NC Women 2016/2017,COMPETITION,W,KAZ,"Smirnova, Anna",1,4.687,17.201,25.475,,,49.99,106.88,,,True,OK
2017-02-17,NC Women 2016/2017,COMPETITION,W,TUR,"Sefkatlioglu, Azize Berfin",1,4.493,16.922,25.189,36.854,,50.378,101.76,,,True,OK
2017-02-17,NC Women 2016/2017,COMPETITION,W,CRO,"Obratov, Dania",1,4.488,16.804,25.042,36.894,,50.4,101.6,,,True,OK
2017-02-17,NC Women 2016/2017,COMPETITION,W,CHN,"Wang, Peixuan",1,4.567,16.888,25.095,,,51.003,104.56,,,True,OK
2017-02-17,NC Women 2016/2017,COMPETITION,W,TUR,"Cetin, Buse",1,4.494,16.917,25.213,36.702,,51.582,107.83,,,True,OK
2017-02-17,NC Women 2016/2017,COMPETITION,W,KAZ,"Bogacheva, Anastassiya",1,4.488,16.913,25.152,,,55.924,106.51,,,True,OK
2018-02-13,OWG 2018 Final,COMPETITION,W,GER,GEISENBERGER Natalie,1,4.334,16.337,24.259,34.95,,46.245,113.5,,,True,OK
2018-02-13,OWG 2018 Final,COMPETITION,W,GER,GEISENBERGER Natalie,2,4.329,16.337,24.221,34.907,,46.209,114.8,,,True,OK
2018-02-13,OWG 2018 Final,COMPETITION,W,GER,GEISENBERGER Natalie,3,4.318,16.302,24.197,34.935,,46.28,115.3,,,True,OK
2018-02-13,OWG 2018 Final,COMPETITION,W,GER,GEISENBERGER Natalie,4,4.32,16.344,24.276,35.065,,46.498,112.1,,,True,OK
2018-02-13,OWG 2018 Final,COMPETITION,W,GER,EITBERGER Dajana,1,4.361,16.393,24.287,35.02,,46.381,118.9,,,True,OK
2018-02-13,OWG 2018 Final,COMPETITION,W,GER,EITBERGER Dajana,2,4.359,16.354,24.238,34.916,,46.193,119.9,,,True,OK
2018-02-13,OWG 2018 Final,COMPETITION,W,GER,EITBERGER Dajana,3,4.365,16.421,24.326,35.133,,46.577,120.8,,,True,OK
2018-02-13,OWG 2018 Final,COMPETITION,W,GER,EITBERGER Dajana,4,4.359,16.376,24.325,35.089,,46.448,117.9,,,True,OK
2018-02-13,OWG 2018 Final,COMPETITION,W,CAN,GOUGH Alex,1,4.361,16.396,24.298,35.016,,46.317,111.4,,,True,OK
2018-02-13,OWG 2018 Final,COMPETITION,W,CAN,GOUGH Alex,2,4.345,16.354,24.262,35.002,,46.328,110.1,,,True,OK
2018-02-13,OWG 2018 Final,COMPETITION,W,CAN,GOUGH Alex,3,4.33,16.331,24.247,35.033,,46.425,111.2,,,True,OK
2018-02-13,OWG 2018 Final,COMPETITION,W,CAN,GOUGH Alex,4,4.347,16.407,24.35,35.157,,46.574,111.0,,,True,OK
2018-02-13,OWG 2018 Final,COMPETITION,W,GER,HUEFNER Tatjana,1,4.302,16.288,24.215,34.956,,46.322,113.7,,,True,OK
2018-02-13,OWG 2018 Final,COMPETITION,W,GER,HUEFNER Tatjana,2,4.323,16.325,24.241,34.968,,46.339,114.3,,,True,OK
2018-02-13,OWG 2018 Final,COMPETITION,W,GER,HUEFNER Tatjana,3,4.31,16.296,24.227,34.991,,46.392,113.0,,,True,OK
2018-02-13,OWG 2018 Final,COMPETITION,W,GER,HUEFNER Tatjana,4,4.341,16.377,24.332,35.158,,46.66,111.9,,,True,OK
2018-02-13,OWG 2018 Final,COMPETITION,W,CAN,McRAE Kimberley,1,4.34,16.388,24.325,35.041,,46.339,114.5,,,True,OK
2018-02-13,OWG 2018 Final,COMPETITION,W,CAN,McRAE Kimberley,2,4.352,16.437,24.387,35.118,,46.449,114.8,,,True,OK
2018-02-13,OWG 2018 Final,COMPETITION,W,CAN,McRAE Kimberley,3,4.35,16.415,24.366,35.117,,46.48,114.2,,,True,OK
2018-02-13,OWG 2018 Final,COMPETITION,W,CAN,McRAE Kimberley,4,4.357,16.452,24.422,35.218,,46.61,112.1,,,True,OK
2018-02-13,OWG 2018 Final,COMPETITION,W,USA,HAMLIN Erin,1,4.357,16.397,24.318,35.061,,46.357,113.9,,,True,OK
2018-02-13,OWG 2018 Final,COMPETITION,W,USA,HAMLIN Erin,2,4.392,16.464,24.349,35.041,,46.333,113.3,,,True,OK
2018-02-13,OWG 2018 Final,COMPETITION,W,USA,HAMLIN Erin,3,4.389,16.465,24.399,35.16,,46.506,111.5,,,True,OK
2018-02-13,OWG 2018 Final,COMPETITION,W,USA,HAMLIN Erin,4,4.39,16.454,24.37,35.226,,46.716,107.3,,,True,OK
2018-02-13,OWG 2018 Final,COMPETITION,W,ROU,STRAMATURARU Raluca,1,4.389,16.487,24.408,35.137,,46.469,113.0,,,True,OK
2018-02-13,OWG 2018 Final,COMPETITION,W,ROU,STRAMATURARU Raluca,2,4.399,16.483,24.406,35.158,,46.532,112.4,,,True,OK
2018-02-13,OWG 2018 Final,COMPETITION,W,ROU,STRAMATURARU Raluca,3,4.385,16.453,24.374,35.157,,46.606,112.3,,,True,OK
2018-02-13,OWG 2018 Final,COMPETITION,W,ROU,STRAMATURARU Raluca,4,4.411,16.511,24.445,35.265,,46.681,119.6,,,True,OK
2018-02-13,OWG 2018 Final,COMPETITION,W,KOR,FRISCH Aileen Christina,1,4.313,16.345,24.271,35.022,,46.35,112.4,,,True,OK
2018-02-13,OWG 2018 Final,COMPETITION,W,KOR,FRISCH Aileen Christina,2,4.334,16.374,24.31,35.061,,46.456,112.5,,,True,OK
2018-02-13,OWG 2018 Final,COMPETITION,W,KOR,FRISCH Aileen Christina,3,4.31,16.366,24.312,35.132,,46.751,111.7,,,True,OK
2018-02-13,OWG 2018 Final,COMPETITION,W,KOR,FRISCH Aileen Christina,4,4.336,16.427,24.412,35.292,,46.843,112.4,,,True,OK
2018-02-13,OWG 2018 Final,COMPETITION,W,AUT,EGLE Madeleine,1,4.385,16.465,24.415,35.249,,46.726,111.2,,,True,OK
2018-02-13,OWG 2018 Final,COMPETITION,W,AUT,EGLE Madeleine,2,4.4,16.462,24.389,35.218,,46.646,115.3,,,True,OK
2018-02-13,OWG 2018 Final,COMPETITION,W,AUT,EGLE Madeleine,3,4.373,16.435,24.372,35.152,,46.541,107.8,,,True,OK
2018-02-13,OWG 2018 Final,COMPETITION,W,AUT,EGLE Madeleine,4,4.394,16.495,24.456,35.257,,46.696,109.4,,,True,OK
2018-02-13,OWG 2018 Final,COMPETITION,W,ITA,VOETTER Andrea,1,4.387,16.469,24.438,35.219,,46.577,112.9,,,True,OK
2018-02-13,OWG 2018 Final,COMPETITION,W,ITA,VOETTER Andrea,2,4.403,16.5,24.453,35.179,,46.483,112.9,,,True,OK
2018-02-13,OWG 2018 Final,COMPETITION,W,ITA,VOETTER Andrea,3,4.392,16.576,24.601,35.439,,46.907,112.1,,,True,OK
2018-02-13,OWG 2018 Final,COMPETITION,W,ITA,VOETTER Andrea,4,4.406,16.566,24.565,35.417,,46.892,111.3,,,True,OK
2018-02-13,OWG 2018 Final,COMPETITION,W,SUI,KOCHER Martina,1,4.342,16.378,24.364,35.242,,46.837,115.3,,,True,OK
2018-02-13,OWG 2018 Final,COMPETITION,W,SUI,KOCHER Martina,2,4.368,16.39,24.306,35.122,,46.657,113.8,,,True,OK
2018-02-13,OWG 2018 Final,COMPETITION,W,SUI,KOCHER Martina,3,4.366,16.416,24.365,35.179,,46.638,114.0,,,True,OK
2018-02-13,OWG 2018 Final,COMPETITION,W,SUI,KOCHER Martina,4,4.363,16.401,24.367,35.23,,46.761,115.7,,,True,OK
2018-02-13,OWG 2018 Final,COMPETITION,W,LAT,ZIRNE Ulla,1,4.414,16.539,24.457,35.175,,46.471,109.9,,,True,OK
2018-02-13,OWG 2018 Final,COMPETITION,W,LAT,ZIRNE Ulla,2,4.413,16.491,24.412,35.111,,46.409,112.7,,,True,OK
2018-02-13,OWG 2018 Final,COMPETITION,W,LAT,ZIRNE Ulla,3,4.431,16.542,24.499,35.498,,47.327,115.5,,,True,OK
2018-02-13,OWG 2018 Final,COMPETITION,W,LAT,ZIRNE Ulla,4,4.422,16.553,24.526,35.369,,46.895,111.7,,,True,OK
2018-02-13,OWG 2018 Final,COMPETITION,W,CAN,APSHKRUM Brooke,1,4.441,16.626,24.62,35.416,,46.834,109.0,,,True,OK
2018-02-13,OWG 2018 Final,COMPETITION,W,CAN,APSHKRUM Brooke,2,4.43,16.576,24.55,35.363,,46.839,113.5,,,True,OK
2018-02-13,OWG 2018 Final,COMPETITION,W,CAN,APSHKRUM Brooke,3,4.434,16.581,24.545,35.377,,46.905,112.3,,,True,OK
2018-02-13,OWG 2018 Final,COMPETITION,W,CAN,APSHKRUM Brooke,4,4.433,16.594,24.6,35.476,,46.983,111.8,,,True,OK
2018-02-13,OWG 2018 Final,COMPETITION,W,ITA,ROBATSCHER Sandra,1,4.392,16.495,24.454,35.238,,46.62,112.8,,,True,OK
2018-02-13,OWG 2018 Final,COMPETITION,W,ITA,ROBATSCHER Sandra,2,4.388,16.481,24.398,35.436,,47.116,115.0,,,True,OK
2018-02-13,OWG 2018 Final,COMPETITION,W,ITA,ROBATSCHER Sandra,3,4.377,16.488,24.591,35.523,,47.083,110.7,,,True,OK
2018-02-13,OWG 2018 Final,COMPETITION,W,ITA,ROBATSCHER Sandra,4,4.379,16.471,24.458,35.272,,46.746,113.0,,,True,OK
2018-02-13,OWG 2018 Final,COMPETITION,W,OAR,BATURINA Ekaterina,1,4.387,16.531,24.591,35.524,,47.122,111.7,,,True,OK
2018-02-13,OWG 2018 Final,COMPETITION,W,OAR,BATURINA Ekaterina,2,4.355,16.443,24.421,35.227,,46.7,108.2,,,True,OK
2018-02-13,OWG 2018 Final,COMPETITION,W,OAR,BATURINA Ekaterina,3,4.365,16.451,24.421,35.211,,46.675,111.5,,,True,OK
2018-02-13,OWG 2018 Final,COMPETITION,W,OAR,BATURINA Ekaterina,4,4.369,16.49,24.495,35.35,,47.122,106.9,,,True,OK
2018-02-13,OWG 2018 Final,COMPETITION,W,LAT,CAUCE Eliza,1,4.383,16.437,24.378,35.538,,47.458,112.0,,,True,OK
2018-02-13,OWG 2018 Final,COMPETITION,W,LAT,CAUCE Eliza,2,4.379,16.459,24.387,35.127,,46.477,113.8,,,True,OK
2018-02-13,OWG 2018 Final,COMPETITION,W,LAT,CAUCE Eliza,3,4.364,16.451,24.395,35.196,,46.624,113.4,,,True,OK
2018-02-13,OWG 2018 Final,COMPETITION,W,LAT,CAUCE Eliza,4,4.37,16.469,24.433,35.41,,47.092,116.9,,,True,OK
2018-02-13,OWG 2018 Final,COMPETITION,W,AUT,PROCK Hannah,1,4.429,16.557,24.508,35.241,,46.622,114.9,,,True,OK
2018-02-13,OWG 2018 Final,COMPETITION,W,AUT,PROCK Hannah,2,4.428,16.532,24.478,35.2,,46.585,115.8,,,True,OK
2018-02-13,OWG 2018 Final,COMPETITION,W,AUT,PROCK Hannah,3,4.405,16.523,24.475,35.777,,47.743,111.7,,,True,OK
2018-02-13,OWG 2018 Final,COMPETITION,W,AUT,PROCK Hannah,4,4.426,16.57,24.541,35.327,,46.854,114.3,,,True,OK
2018-02-13,OWG 2018 Final,COMPETITION,W,KOR,SUNG Eunryung,1,4.38,16.5,24.501,35.354,,46.918,112.6,,,True,OK
2018-02-13,OWG 2018 Final,COMPETITION,W,KOR,SUNG Eunryung,2,4.394,16.501,24.504,35.323,,46.851,112.6,,,True,OK
2018-02-13,OWG 2018 Final,COMPETITION,W,KOR,SUNG Eunryung,3,4.391,16.51,24.517,35.463,,47.205,110.7,,,True,OK
2018-02-13,OWG 2018 Final,COMPETITION,W,KOR,SUNG Eunryung,4,4.402,16.538,24.579,35.546,,47.276,111.3,,,True,OK
2018-02-13,OWG 2018 Final,COMPETITION,W,USA,BRITCHER Summer,1,4.328,16.365,24.3,35.238,,46.829,118.0,,,True,OK
2018-02-13,OWG 2018 Final,COMPETITION,W,USA,BRITCHER Summer,2,4.316,16.296,24.186,34.866,,46.132,117.4,,,True,OK
2018-02-13,OWG 2018 Final,COMPETITION,W,USA,BRITCHER Summer,3,4.331,16.358,24.289,35.15,,46.603,108.5,,,True,OK
2018-02-13,OWG 2018 Final,COMPETITION,W,USA,BRITCHER Summer,4,4.469,17.353,25.751,36.977,,48.77,106.5,,,True,OK
2018-02-13,OWG 2018 Final,COMPETITION,W,POL,KULS-KUSYK Ewa,1,4.375,16.495,24.508,35.402,,47.037,110.9,,,True,OK
2018-02-13,OWG 2018 Final,COMPETITION,W,POL,KULS-KUSYK Ewa,2,4.353,16.455,24.46,35.332,,46.933,111.8,,,True,OK
2018-02-13,OWG 2018 Final,COMPETITION,W,POL,KULS-KUSYK Ewa,3,4.395,16.517,24.54,35.506,,47.212,110.4,,,True,OK
2018-02-13,OWG 2018 Final,COMPETITION,W,UKR,SHKHUMOVA Olena,1,4.457,16.627,24.628,35.466,,46.95,109.3,,,True,OK
2018-02-13,OWG 2018 Final,COMPETITION,W,UKR,SHKHUMOVA Olena,2,4.468,16.641,24.617,35.426,,46.844,109.1,,,True,OK
2018-02-13,OWG 2018 Final,COMPETITION,W,UKR,SHKHUMOVA Olena,3,4.473,16.707,24.729,35.843,,47.751,112.0,,,True,OK
2018-02-13,OWG 2018 Final,COMPETITION,W,LAT,APARJODE Kendija,1,4.415,16.503,24.471,35.361,,48.103,111.8,,,True,OK
2018-02-13,OWG 2018 Final,COMPETITION,W,LAT,APARJODE Kendija,2,4.421,16.52,24.449,35.302,,46.927,108.8,,,True,OK
2018-02-13,OWG 2018 Final,COMPETITION,W,LAT,APARJODE Kendija,3,4.416,16.54,24.481,35.522,,47.296,114.5,,,True,OK
2018-02-13,OWG 2018 Final,COMPETITION,W,SVK,SIMONAKOVA Katarina,1,4.443,16.645,24.703,35.657,,47.428,110.3,,,True,OK
2018-02-13,OWG 2018 Final,COMPETITION,W,SVK,SIMONAKOVA Katarina,2,4.45,16.626,24.706,35.752,,47.606,111.4,,,True,OK
2018-02-13,OWG 2018 Final,COMPETITION,W,SVK,SIMONAKOVA Katarina,3,4.435,16.634,24.674,35.7,,47.538,111.0,,,True,OK
2018-02-13,OWG 2018 Final,COMPETITION,W,ARG,RAVENNA Veronica Maria,1,4.439,16.608,24.6,35.539,,47.175,109.0,,,True,OK
2018-02-13,OWG 2018 Final,COMPETITION,W,ARG,RAVENNA Veronica Maria,2,4.459,16.672,24.664,35.829,,47.788,108.7,,,True,OK
2018-02-13,OWG 2018 Final,COMPETITION,W,ARG,RAVENNA Veronica Maria,3,4.444,16.653,24.664,35.836,,47.739,109.1,,,True,OK
2018-02-13,OWG 2018 Final,COMPETITION,W,POL,WOJTUSCISZYN Natalia,1,4.421,16.492,24.458,36.201,,49.133,111.5,,,True,OK
2018-02-13,OWG 2018 Final,COMPETITION,W,POL,WOJTUSCISZYN Natalia,2,4.423,16.542,24.5,35.294,,46.736,112.5,,,True,OK
2018-02-13,OWG 2018 Final,COMPETITION,W,POL,WOJTUSCISZYN Natalia,3,4.412,16.607,24.643,35.534,,47.29,112.0,,,True,OK
2018-02-13,OWG 2018 Final,COMPETITION,W,CZE,NOSKOVA Tereza,1,4.443,16.782,24.914,35.98,,47.813,108.5,,,True,OK
2018-02-13,OWG 2018 Final,COMPETITION,W,CZE,NOSKOVA Tereza,2,4.459,16.677,24.737,35.967,,48.132,110.1,,,True,OK
2018-02-13,OWG 2018 Final,COMPETITION,W,CZE,NOSKOVA Tereza,3,4.443,16.606,24.632,35.881,,47.921,112.8,,,True,OK
2018-02-13,OWG 2018 Final,COMPETITION,W,CRO,OBRATOV Daria,1,4.454,16.758,24.888,36.253,,48.615,112.4,,,True,OK
2018-02-13,OWG 2018 Final,COMPETITION,W,CRO,OBRATOV Daria,2,4.462,16.728,24.889,36.104,,48.252,109.9,,,True,OK
2018-02-13,OWG 2018 Final,COMPETITION,W,CRO,OBRATOV Daria,3,4.473,16.96,25.205,36.476,,48.686,107.3,,,True,OK
2018-02-13,OWG 2018 Final,COMPETITION,W,UKR,STETSKIV Olena,1,4.408,16.571,24.591,36.677,,50.599,111.1,,,True,OK
2018-02-13,OWG 2018 Final,COMPETITION,W,UKR,STETSKIV Olena,2,4.421,16.581,24.579,35.456,,48.303,111.5,,,True,OK
2018-02-13,OWG 2018 Final,COMPETITION,W,UKR,STETSKIV Olena,3,4.426,16.635,24.669,35.886,,47.929,115.1,,,True,OK
2018-02-13,OWG 2018 Final,COMPETITION,W,USA,SWEENEY Emily,1,4.365,16.435,24.36,35.17,,46.595,117.0,,,True,OK
2018-02-13,OWG 2018 Final,COMPETITION,W,USA,SWEENEY Emily,2,4.344,16.44,24.366,35.127,,46.96,114.2,,,True,OK
2018-02-13,OWG 2018 Final,COMPETITION,W,USA,SWEENEY Emily,3,4.355,16.473,24.456,35.257,,46.917,112.2,,,True,OK
2018-02-13,OWG 2018 Final,COMPETITION,W,AUT,PLATZER Birgit,1,4.496,16.719,24.73,35.69,,47.318,111.1,,,True,OK
2018-02-08,OWG 2018 TR D1 GA,training,W,CAN,APSHKRUM Brooke,1,4.43,,,,,47.477,114.2,,,True,OK
2018-02-08,OWG 2018 TR D1 GA,training,W,CAN,APSHKRUM Brooke,2,4.445,,,,,47.266,111.0,,,True,OK
2018-02-08,OWG 2018 TR D1 GA,training,W,CAN,GOUGH Alex,1,4.361,,,,,46.814,111.3,,,True,OK
2018-02-08,OWG 2018 TR D1 GA,training,W,CAN,GOUGH Alex,2,4.355,,,,,46.665,111.3,,,True,OK
2018-02-08,OWG 2018 TR D1 GA,training,W,CAN,McRAE Kimberley,1,4.37,,,,,47.205,112.6,,,True,OK
2018-02-08,OWG 2018 TR D1 GA,training,W,CAN,McRAE Kimberley,2,4.38,,,,,47.072,113.1,,,True,OK
2018-02-08,OWG 2018 TR D1 GA,training,W,USA,BRITCHER Summer,1,4.376,,,,,47.003,109.4,,,True,OK
2018-02-08,OWG 2018 TR D1 GA,training,W,USA,BRITCHER Summer,2,4.399,,,,,47.094,114.6,,,True,OK
2018-02-08,OWG 2018 TR D1 GA,training,W,USA,HAMLIN Erin,1,4.392,,,,,47.854,114.0,,,True,OK
2018-02-08,OWG 2018 TR D1 GA,training,W,USA,HAMLIN Erin,2,4.375,,,,,47.071,107.7,,,True,OK
2018-02-08,OWG 2018 TR D1 GA,training,W,USA,SWEENEY Emily,1,4.376,,,,,47.235,111.9,,,True,OK
2018-02-08,OWG 2018 TR D1 GA,training,W,USA,SWEENEY Emily,2,4.392,,,,,47.029,118.4,,,True,OK
2018-02-08,OWG 2018 TR D1 GA,training,W,CRO,OBRATOV Daria,1,4.499,,,,,49.044,108.1,,,True,OK
2018-02-08,OWG 2018 TR D1 GA,training,W,CRO,OBRATOV Daria,2,4.482,,,,,48.915,106.8,,,True,OK
2018-02-08,OWG 2018 TR D1 GA,training,W,CZE,NOSKOVA Tereza,1,4.445,,,,,47.849,108.5,,,True,OK
2018-02-08,OWG 2018 TR D1 GA,training,W,CZE,NOSKOVA Tereza,2,4.483,,,,,48.053,108.5,,,True,OK
2018-02-08,OWG 2018 TR D1 GA,training,W,SVK,SIMONAKOVA Katarina,1,4.457,,,,,48.27,109.5,,,True,OK
2018-02-08,OWG 2018 TR D1 GA,training,W,SVK,SIMONAKOVA Katarina,2,4.454,,,,,48.068,109.1,,,True,OK
2018-02-08,OWG 2018 TR D1 GA,training,W,ROU,STRAMATURARU Raluca,1,4.398,,,,,47.141,112.1,,,True,OK
2018-02-08,OWG 2018 TR D1 GA,training,W,ROU,STRAMATURARU Raluca,2,4.387,,,,,46.786,112.4,,,True,OK
2018-02-08,OWG 2018 TR D1 GA,training,W,KOR,FRISCH Aileen Christina,1,4.372,,,,,47.166,111.8,,,True,OK
2018-02-08,OWG 2018 TR D1 GA,training,W,KOR,FRISCH Aileen Christina,2,4.382,,,,,47.067,111.7,,,True,OK
2018-02-08,OWG 2018 TR D1 GA,training,W,KOR,SUNG Eunryung,1,4.423,,,,,47.125,112.7,,,True,OK
2018-02-08,OWG 2018 TR D1 GA,training,W,KOR,SUNG Eunryung,2,4.421,,,,,47.579,111.9,,,True,OK
2018-02-08,OWG 2018 TR D1 GA,training,W,ARG,RAVENNA Veronica Maria,1,4.519,,,,,48.078,111.1,,,True,OK
2018-02-08,OWG 2018 TR D1 GA,training,W,ARG,RAVENNA Veronica Maria,2,4.486,,,,,48.027,111.1,,,True,OK
2018-02-08,OWG 2018 TR D1 GA,training,W,UKR,SHKHUMOVA Olena,1,4.476,,,,,47.783,112.4,,,True,OK
2018-02-08,OWG 2018 TR D1 GA,training,W,UKR,SHKHUMOVA Olena,2,4.495,,,,,47.206,111.9,,,True,OK
2018-02-08,OWG 2018 TR D1 GA,training,W,UKR,STETSKIV Olena,1,4.434,,,,,47.601,110.5,,,True,OK
2018-02-08,OWG 2018 TR D1 GA,training,W,UKR,STETSKIV Olena,2,4.433,,,,,47.458,111.1,,,True,OK
2018-02-08,OWG 2018 TR D1 GB,training,W,AUT,EGLE Madeleine,1,4.404,16.53,24.497,35.311,,46.808,109.5,,,True,OK
2018-02-08,OWG 2018 TR D1 GB,training,W,AUT,EGLE Madeleine,2,4.397,16.503,24.459,35.266,,46.748,108.3,,,True,OK
2018-02-08,OWG 2018 TR D1 GB,training,W,AUT,PLATZER Birgit,2,4.415,16.636,24.673,35.654,,47.91,110.7,,,True,OK
2018-02-08,OWG 2018 TR D1 GB,training,W,AUT,PROCK Hannah,1,4.461,16.557,24.555,35.374,,46.915,114.1,,,True,OK
2018-02-08,OWG 2018 TR D1 GB,training,W,AUT,PROCK Hannah,2,4.445,16.602,24.619,35.449,,47.027,114.2,,,True,OK
2018-02-08,OWG 2018 TR D1 GB,training,W,GER,EITBERGER Dajana,1,4.393,16.51,24.466,35.277,,46.783,117.7,,,True,OK
2018-02-08,OWG 2018 TR D1 GB,training,W,GER,EITBERGER Dajana,2,4.412,16.546,24.493,35.631,,47.648,111.3,,,True,OK
2018-02-08,OWG 2018 TR D1 GB,training,W,GER,GEISENBERGER Natalie,1,4.324,16.339,24.257,35.025,,46.514,114.4,,,True,OK
2018-02-08,OWG 2018 TR D1 GB,training,W,GER,GEISENBERGER Natalie,2,4.344,16.395,24.337,35.139,,46.668,114.8,,,True,OK
2018-02-08,OWG 2018 TR D1 GB,training,W,GER,HUEFNER Tatjana,1,4.343,16.414,24.396,35.314,,47.007,113.0,,,True,OK
2018-02-08,OWG 2018 TR D1 GB,training,W,GER,HUEFNER Tatjana,2,4.333,16.412,24.412,35.358,,47.091,113.0,,,True,OK
2018-02-08,OWG 2018 TR D1 GB,training,W,SUI,KOCHER Martina,1,4.354,16.383,24.344,35.202,,46.776,113.5,,,True,OK
2018-02-08,OWG 2018 TR D1 GB,training,W,SUI,KOCHER Martina,2,4.385,16.416,24.371,35.238,,46.785,113.0,,,True,OK
2018-02-08,OWG 2018 TR D1 GB,training,W,OAR,BATURINA Ekaterina,1,4.375,16.523,24.608,35.627,,47.438,106.0,,,True,OK
2018-02-08,OWG 2018 TR D1 GB,training,W,OAR,BATURINA Ekaterina,2,4.401,16.61,24.681,35.608,,47.296,106.7,,,True,OK
2018-02-08,OWG 2018 TR D1 GB,training,W,LAT,APARJODE Kendija,1,4.443,16.579,24.57,35.442,,47.143,110.9,,,True,OK
2018-02-08,OWG 2018 TR D1 GB,training,W,LAT,APARJODE Kendija,2,4.427,16.583,24.584,35.485,,47.203,111.1,,,True,OK
2018-02-08,OWG 2018 TR D1 GB,training,W,LAT,CAUCE Eliza,1,4.399,16.528,24.526,35.43,,47.138,110.7,,,True,OK
2018-02-08,OWG 2018 TR D1 GB,training,W,LAT,CAUCE Eliza,2,4.391,16.588,24.637,35.593,,47.394,110.2,,,True,OK
2018-02-08,OWG 2018 TR D1 GB,training,W,LAT,ZIRNE Ulla,1,4.449,16.573,24.547,35.426,,47.06,108.2,,,True,OK
2018-02-08,OWG 2018 TR D1 GB,training,W,LAT,ZIRNE Ulla,2,4.446,16.627,24.614,35.522,,47.164,111.2,,,True,OK
2018-02-08,OWG 2018 TR D1 GB,training,W,POL,KULS-KUSYK Ewa,1,4.398,16.521,24.55,35.551,,47.425,111.5,,,True,OK
2018-02-08,OWG 2018 TR D1 GB,training,W,POL,KULS-KUSYK Ewa,2,4.422,16.596,24.644,35.638,,47.432,111.5,,,True,OK
2018-02-08,OWG 2018 TR D1 GB,training,W,POL,WOJTUSCISZYN Natalia,1,4.438,16.514,24.456,35.29,,46.833,112.8,,,True,OK
2018-02-08,OWG 2018 TR D1 GB,training,W,ITA,ROBATSCHER Sandra,1,4.434,16.612,24.638,35.59,,47.267,112.5,,,True,OK
2018-02-08,OWG 2018 TR D1 GB,training,W,ITA,ROBATSCHER Sandra,2,4.413,16.568,24.602,35.8,,47.789,114.4,,,True,OK
2018-02-08,OWG 2018 TR D1 GB,training,W,ITA,VOETTER Andrea,1,4.436,16.625,24.672,35.601,,47.27,111.0,,,True,OK
2018-02-08,OWG 2018 TR D1 GB,training,W,ITA,VOETTER Andrea,2,4.416,16.582,24.626,35.508,,47.128,112.7,,,True,OK
2018-02-10,OWG 2018 TR D2 GA,training,W,UKR,SHKHUMOVA Olena,1,4.486,16.684,24.739,35.744,,47.474,111.5,,,True,OK
2018-02-10,OWG 2018 TR D2 GA,training,W,UKR,SHKHUMOVA Olena,2,4.484,21.276,31.167,43.986,,57.355,93.7,,,True,OK
2018-02-10,OWG 2018 TR D2 GA,training,W,UKR,STETSKIV Olena,1,4.427,16.666,24.968,36.386,,49.628,106.4,,,True,OK
2018-02-10,OWG 2018 TR D2 GA,training,W,UKR,STETSKIV Olena,2,4.437,16.668,24.937,36.321,,48.649,107.0,,,True,OK
2018-02-10,OWG 2018 TR D2 GA,training,W,ARG,RAVENNA Veronica Maria,1,4.478,16.725,24.85,36.037,,48.203,110.3,,,True,OK
2018-02-10,OWG 2018 TR D2 GA,training,W,ARG,RAVENNA Veronica Maria,2,4.471,16.714,24.808,35.855,,48.021,109.4,,,True,OK
2018-02-10,OWG 2018 TR D2 GA,training,W,KOR,FRISCH Aileen Christina,1,4.323,16.404,24.383,35.257,,46.879,112.5,,,True,OK
2018-02-10,OWG 2018 TR D2 GA,training,W,KOR,FRISCH Aileen Christina,2,4.34,16.417,24.41,35.289,,46.867,111.5,,,True,OK
2018-02-10,OWG 2018 TR D2 GA,training,W,KOR,SUNG Eunryung,1,4.395,16.569,24.644,35.606,,47.373,111.7,,,True,OK
2018-02-10,OWG 2018 TR D2 GA,training,W,KOR,SUNG Eunryung,2,4.416,16.603,24.704,35.66,,47.425,111.8,,,True,OK
2018-02-10,OWG 2018 TR D2 GA,training,W,ROU,STRAMATURARU Raluca,1,4.396,16.519,24.514,35.403,,46.99,111.3,,,True,OK
2018-02-10,OWG 2018 TR D2 GA,training,W,ROU,STRAMATURARU Raluca,2,4.389,16.464,24.438,35.212,,46.578,112.7,,,True,OK
2018-02-10,OWG 2018 TR D2 GA,training,W,SVK,SIMONAKOVA Katarina,1,4.463,16.712,24.812,35.855,,47.794,110.8,,,True,OK
2018-02-10,OWG 2018 TR D2 GA,training,W,SVK,SIMONAKOVA Katarina,2,4.501,16.753,24.832,35.901,,47.784,110.9,,,True,OK
2018-02-10,OWG 2018 TR D2 GA,training,W,CZE,NOSKOVA Tereza,1,4.448,16.666,24.792,35.948,,48.031,107.7,,,True,OK
2018-02-10,OWG 2018 TR D2 GA,training,W,CZE,NOSKOVA Tereza,2,4.453,16.712,24.838,35.988,,48.076,110.1,,,True,OK
2018-02-10,OWG 2018 TR D2 GA,training,W,CRO,OBRATOV Daria,1,4.482,16.767,24.946,36.212,,48.496,108.4,,,True,OK
2018-02-10,OWG 2018 TR D2 GA,training,W,CRO,OBRATOV Daria,2,4.489,16.799,24.977,36.297,,48.671,107.4,,,True,OK
2018-02-10,OWG 2018 TR D2 GA,training,W,USA,BRITCHER Summer,1,4.374,16.486,24.52,35.852,,48.085,110.4,,,True,OK
2018-02-10,OWG 2018 TR D2 GA,training,W,USA,BRITCHER Summer,2,4.397,16.515,24.558,35.771,,47.804,113.3,,,True,OK
2018-02-10,OWG 2018 TR D2 GA,training,W,USA,HAMLIN Erin,1,4.394,16.519,24.557,35.644,,47.534,114.5,,,True,OK
2018-02-10,OWG 2018 TR D2 GA,training,W,USA,HAMLIN Erin,2,4.426,16.581,24.583,35.608,,47.426,112.3,,,True,OK
2018-02-10,OWG 2018 TR D2 GA,training,W,USA,SWEENEY Emily,1,4.374,16.524,24.563,35.628,,47.465,112.8,,,True,OK
2018-02-10,OWG 2018 TR D2 GA,training,W,USA,SWEENEY Emily,2,4.403,16.578,24.613,35.712,,47.532,113.1,,,True,OK
2018-02-10,OWG 2018 TR D2 GA,training,W,CAN,APSHKRUM Brooke,1,4.435,16.599,24.65,35.622,,47.414,110.0,,,True,OK
2018-02-10,OWG 2018 TR D2 GA,training,W,CAN,APSHKRUM Brooke,2,4.441,16.652,24.72,35.742,,47.503,105.8,,,True,OK
2018-02-10,OWG 2018 TR D2 GA,training,W,CAN,GOUGH Alex,1,4.371,16.47,24.488,35.442,,47.163,109.7,,,True,OK
2018-02-10,OWG 2018 TR D2 GA,training,W,CAN,GOUGH Alex,2,4.379,16.492,24.52,35.445,,47.095,110.2,,,True,OK
2018-02-10,OWG 2018 TR D2 GA,training,W,CAN,McRAE Kimberley,1,4.37,16.503,24.559,35.508,,47.212,111.3,,,True,OK
2018-02-10,OWG 2018 TR D2 GA,training,W,CAN,McRAE Kimberley,2,4.4,16.548,24.602,35.554,,47.257,112.1,,,True,OK
2018-02-08,OWG 2018 TR D1 GB dup,training,W,AUT,EGLE Madeleine,1,4.404,16.53,24.497,35.311,,46.808,109.5,,,True,OK
2018-02-08,OWG 2018 TR D1 GB dup,training,W,AUT,EGLE Madeleine,2,4.397,16.503,24.459,35.266,,46.748,108.3,,,True,OK
2018-02-08,OWG 2018 TR D1 GB dup,training,W,AUT,PLATZER Birgit,2,4.415,16.636,24.673,35.654,,47.91,110.7,,,True,OK
2018-02-08,OWG 2018 TR D1 GB dup,training,W,AUT,PROCK Hannah,1,4.461,16.557,24.555,35.374,,46.915,114.1,,,True,OK
2018-02-08,OWG 2018 TR D1 GB dup,training,W,AUT,PROCK Hannah,2,4.445,16.602,24.619,35.449,,47.027,114.2,,,True,OK
2018-02-08,OWG 2018 TR D1 GB dup,training,W,GER,EITBERGER Dajana,1,4.393,16.51,24.466,35.277,,46.783,117.7,,,True,OK
2018-02-08,OWG 2018 TR D1 GB dup,training,W,GER,EITBERGER Dajana,2,4.412,16.546,24.493,35.631,,47.648,111.3,,,True,OK
2018-02-08,OWG 2018 TR D1 GB dup,training,W,GER,GEISENBERGER Natalie,1,4.324,16.339,24.257,35.025,,46.514,114.4,,,True,OK
2018-02-08,OWG 2018 TR D1 GB dup,training,W,GER,GEISENBERGER Natalie,2,4.344,16.395,24.337,35.139,,46.668,114.8,,,True,OK
2018-02-08,OWG 2018 TR D1 GB dup,training,W,GER,HUEFNER Tatjana,1,4.343,16.414,24.396,35.314,,47.007,113.0,,,True,OK
2018-02-08,OWG 2018 TR D1 GB dup,training,W,GER,HUEFNER Tatjana,2,4.333,16.412,24.412,35.358,,47.091,113.0,,,True,OK
2018-02-08,OWG 2018 TR D1 GB dup,training,W,SUI,KOCHER Martina,1,4.354,16.383,24.344,35.202,,46.776,113.5,,,True,OK
2018-02-08,OWG 2018 TR D1 GB dup,training,W,SUI,KOCHER Martina,2,4.385,16.416,24.371,35.238,,46.785,113.0,,,True,OK
2018-02-08,OWG 2018 TR D1 GB dup,training,W,OAR,BATURINA Ekaterina,1,4.375,16.523,24.608,35.627,,47.438,106.0,,,True,OK
2018-02-08,OWG 2018 TR D1 GB dup,training,W,OAR,BATURINA Ekaterina,2,4.401,16.61,24.681,35.608,,47.296,106.7,,,True,OK
2018-02-08,OWG 2018 TR D1 GB dup,training,W,LAT,APARJODE Kendija,1,4.443,16.579,24.57,35.442,,47.143,110.9,,,True,OK
2018-02-08,OWG 2018 TR D1 GB dup,training,W,LAT,APARJODE Kendija,2,4.427,16.583,24.584,35.485,,47.203,111.1,,,True,OK
2018-02-08,OWG 2018 TR D1 GB dup,training,W,LAT,CAUCE Eliza,1,4.399,16.528,24.526,35.43,,47.138,110.7,,,True,OK
2018-02-08,OWG 2018 TR D1 GB dup,training,W,LAT,CAUCE Eliza,2,4.391,16.588,24.637,35.593,,47.394,110.2,,,True,OK
2018-02-08,OWG 2018 TR D1 GB dup,training,W,LAT,ZIRNE Ulla,1,4.449,16.573,24.547,35.426,,47.06,108.2,,,True,OK
2018-02-08,OWG 2018 TR D1 GB dup,training,W,LAT,ZIRNE Ulla,2,4.446,16.627,24.614,35.522,,47.164,111.2,,,True,OK
2018-02-08,OWG 2018 TR D1 GB dup,training,W,POL,KULS-KUSYK Ewa,1,4.398,16.521,24.55,35.551,,47.425,111.5,,,True,OK
2018-02-08,OWG 2018 TR D1 GB dup,training,W,POL,KULS-KUSYK Ewa,2,4.422,16.596,24.644,35.638,,47.432,111.5,,,True,OK
2018-02-08,OWG 2018 TR D1 GB dup,training,W,POL,WOJTUSCISZYN Natalia,1,4.438,16.514,24.456,35.29,,46.833,112.8,,,True,OK
2018-02-08,OWG 2018 TR D1 GB dup,training,W,ITA,ROBATSCHER Sandra,1,4.434,16.612,24.638,35.59,,47.267,112.5,,,True,OK
2018-02-08,OWG 2018 TR D1 GB dup,training,W,ITA,ROBATSCHER Sandra,2,4.413,16.568,24.602,35.8,,47.789,114.4,,,True,OK
2018-02-08,OWG 2018 TR D1 GB dup,training,W,ITA,VOETTER Andrea,1,4.436,16.625,24.672,35.601,,47.27,111.0,,,True,OK
2018-02-08,OWG 2018 TR D1 GB dup,training,W,ITA,VOETTER Andrea,2,4.416,16.582,24.626,35.508,,47.128,112.7,,,True,OK
2018-02-11,OWG 2018 TR D3 R5,training,W,ARG,RAVENNA Veronica Maria,1,4.463,16.654,24.658,35.642,,47.387,113.4,,,True,OK
2018-02-11,OWG 2018 TR D3 R5,training,W,CZE,NOSKOVA Tereza,1,4.45,16.638,24.679,35.734,,47.657,109.3,,,True,OK
2018-02-11,OWG 2018 TR D3 R5,training,W,LAT,APARJODE Kendija,1,4.428,16.611,24.594,35.544,,47.159,114.5,,,True,OK
2018-02-11,OWG 2018 TR D3 R5,training,W,LAT,CAUCE Eliza,1,4.393,16.538,24.513,35.458,,47.095,107.2,,,True,OK
2018-02-11,OWG 2018 TR D3 R5,training,W,LAT,ZIRNE Ulla,1,4.423,16.563,24.52,35.387,,46.908,112.6,,,True,OK
2018-02-11,OWG 2018 TR D3 R5,training,W,GER,EITBERGER Dajana,1,4.367,16.441,24.361,35.211,,46.759,114.4,,,True,OK
2018-02-11,OWG 2018 TR D3 R5,training,W,GER,GEISENBERGER Natalie,1,4.336,16.358,24.273,34.988,,46.351,115.6,,,True,OK
2018-02-11,OWG 2018 TR D3 R5,training,W,GER,HUEFNER Tatjana,1,4.334,16.325,24.239,34.951,,46.302,113.5,,,True,OK
2018-02-11,OWG 2018 TR D3 R5,training,W,SVK,SIMONAKOVA Katarina,1,4.435,16.614,24.62,35.698,,47.686,116.9,,,True,OK
2018-02-11,OWG 2018 TR D3 R5,training,W,ITA,ROBATSCHER Sandra,1,4.407,16.549,24.535,35.324,,46.742,112.5,,,True,OK
2018-02-11,OWG 2018 TR D3 R5,training,W,ITA,VOETTER Andrea,1,4.418,16.563,24.557,35.374,,46.876,112.5,,,True,OK
2018-02-11,OWG 2018 TR D3 R5,training,W,CRO,OBRATOV Daria,1,4.485,16.746,24.904,36.412,,48.985,108.9,,,True,OK
2018-02-11,OWG 2018 TR D3 R5,training,W,POL,KULS-KUSYK Ewa,1,4.394,16.509,24.501,35.378,,46.986,112.3,,,True,OK
2018-02-11,OWG 2018 TR D3 R5,training,W,POL,WOJTUSCISZYN Natalia,1,4.439,16.603,24.595,35.42,,46.924,112.7,,,True,OK
2018-02-11,OWG 2018 TR D3 R5,training,W,AUT,PLATZER Birgit,1,4.418,16.508,24.462,35.298,,46.863,108.0,,,True,OK
2018-02-11,OWG 2018 TR D3 R5,training,W,AUT,PROCK Hannah,1,4.442,16.553,24.514,35.265,,46.624,114.7,,,True,OK
2018-02-11,OWG 2018 TR D3 R5,training,W,ROU,STRAMATURARU Raluca,1,4.39,16.487,24.441,35.325,,46.845,118.2,,,True,OK
2018-02-11,OWG 2018 TR D3 R5,training,W,OAR,BATURINA Ekaterina,1,4.366,16.45,24.415,35.292,,46.988,107.6,,,True,OK
2018-02-11,OWG 2018 TR D3 R5,training,W,USA,BRITCHER Summer,1,4.363,16.373,24.265,35.183,,46.763,111.5,,,True,OK
2018-02-11,OWG 2018 TR D3 R5,training,W,KOR,FRISCH Aileen Christina,1,4.326,16.374,24.318,35.211,,46.84,112.6,,,True,OK
2018-02-11,OWG 2018 TR D3 R5,training,W,KOR,SUNG Eunryung,1,4.389,16.53,24.534,35.393,,47.093,114.0,,,True,OK
2018-02-11,OWG 2018 TR D3 R5,training,W,CAN,APSHKRUM Brooke,1,4.446,16.601,24.603,35.483,,47.061,111.6,,,True,OK
2018-02-11,OWG 2018 TR D3 R5,training,W,CAN,GOUGH Alex,1,4.349,16.365,24.274,35.01,,46.359,111.8,,,True,OK
2018-02-11,OWG 2018 TR D3 R5,training,W,CAN,McRAE Kimberley,1,4.375,16.481,24.461,35.281,,46.763,113.5,,,True,OK
2018-02-11,OWG 2018 TR D3 R5,training,W,SUI,KOCHER Martina,1,4.366,16.454,24.452,35.301,,46.817,114.1,,,True,OK
2018-02-11,OWG 2018 TR D3 R5,training,W,UKR,SHKHUMOVA Olena,1,4.471,16.616,24.621,36.213,,50.596,112.5,,,True,OK
2018-02-11,OWG 2018 TR D3 R5,training,W,UKR,STETSKIV Olena,1,4.439,16.631,24.753,36.526,,49.278,106.7,,,True,OK
2018-02-11,OWG 2018 TR D3 R6,training,W,UKR,SHKHUMOVA Olena,1,4.49,16.679,24.7,35.825,,47.629,110.7,,,True,OK
2018-02-11,OWG 2018 TR D3 R6,training,W,UKR,STETSKIV Olena,1,4.437,16.663,24.82,36.249,,48.977,111.6,,,True,OK
2018-02-11,OWG 2018 TR D3 R6,training,W,SUI,KOCHER Martina,1,4.41,16.463,24.411,35.224,,46.759,114.2,,,True,OK
2018-02-11,OWG 2018 TR D3 R6,training,W,CAN,APSHKRUM Brooke,1,4.433,16.586,24.585,35.457,,47.034,113.4,,,True,OK
2018-02-11,OWG 2018 TR D3 R6,training,W,CAN,GOUGH Alex,1,4.349,16.391,24.327,35.116,,46.589,111.2,,,True,OK
2018-02-11,OWG 2018 TR D3 R6,training,W,CAN,McRAE Kimberley,1,4.378,16.509,24.5,35.271,,46.612,114.5,,,True,OK
2018-02-11,OWG 2018 TR D3 R6,training,W,KOR,FRISCH Aileen Christina,1,4.38,16.459,24.415,35.3,,46.874,111.4,,,True,OK
2018-02-11,OWG 2018 TR D3 R6,training,W,KOR,SUNG Eunryung,1,4.408,16.559,24.606,35.536,,47.194,111.3,,,True,OK
2018-02-11,OWG 2018 TR D3 R6,training,W,USA,BRITCHER Summer,1,4.365,16.384,24.29,35.033,,46.367,115.0,,,True,OK
2018-02-11,OWG 2018 TR D3 R6,training,W,USA,HAMLIN Erin,1,4.4,16.481,24.445,35.265,,46.759,112.4,,,True,OK
2018-02-11,OWG 2018 TR D3 R6,training,W,USA,SWEENEY Emily,1,4.394,16.562,24.57,35.457,,47.008,111.3,,,True,OK
2018-02-11,OWG 2018 TR D3 R6,training,W,OAR,BATURINA Ekaterina,1,4.397,16.555,24.603,35.495,,47.113,112.0,,,True,OK
2018-02-11,OWG 2018 TR D3 R6,training,W,ROU,STRAMATURARU Raluca,1,4.396,16.474,24.431,35.208,,46.595,112.4,,,True,OK
2018-02-11,OWG 2018 TR D3 R6,training,W,AUT,EGLE Madeleine,1,4.393,16.539,24.518,35.349,,46.845,108.7,,,True,OK
2018-02-11,OWG 2018 TR D3 R6,training,W,AUT,PLATZER Birgit,1,4.418,16.569,24.537,35.363,,46.843,112.9,,,True,OK
2018-02-11,OWG 2018 TR D3 R6,training,W,AUT,PROCK Hannah,1,4.466,16.669,24.661,35.462,,46.95,114.3,,,True,OK
2018-02-11,OWG 2018 TR D3 R6,training,W,POL,KULS-KUSYK Ewa,1,4.401,16.533,24.578,35.533,,47.236,111.6,,,True,OK
2018-02-11,OWG 2018 TR D3 R6,training,W,POL,WOJTUSCISZYN Natalia,1,4.458,16.637,24.67,35.584,,47.189,111.1,,,True,OK
2018-02-11,OWG 2018 TR D3 R6,training,W,CRO,OBRATOV Daria,1,4.508,16.825,24.978,36.632,,49.488,107.0,,,True,OK
2018-02-11,OWG 2018 TR D3 R6,training,W,ITA,ROBATSCHER Sandra,1,4.39,16.513,24.507,35.803,,48.002,115.3,,,True,OK
2018-02-11,OWG 2018 TR D3 R6,training,W,ITA,VOETTER Andrea,1,4.383,16.538,24.531,35.394,,46.907,112.6,,,True,OK
2018-02-11,OWG 2018 TR D3 R6,training,W,SVK,SIMONAKOVA Katarina,1,4.459,16.705,24.779,35.818,,47.715,110.7,,,True,OK
2018-02-11,OWG 2018 TR D3 R6,training,W,GER,EITBERGER Dajana,1,4.381,16.461,24.403,35.16,,46.517,117.7,,,True,OK
2018-02-11,OWG 2018 TR D3 R6,training,W,GER,GEISENBERGER Natalie,1,4.33,16.352,24.291,35.069,,46.481,114.9,,,True,OK
2018-02-11,OWG 2018 TR D3 R6,training,W,GER,HUEFNER Tatjana,1,4.336,16.389,24.347,35.159,,46.658,113.7,,,True,OK
2018-02-11,OWG 2018 TR D3 R6,training,W,LAT,APARJODE Kendija,1,4.451,16.601,24.596,35.743,,48.235,113.0,,,True,OK
2018-02-11,OWG 2018 TR D3 R6,training,W,LAT,CAUCE Eliza,1,4.414,16.554,24.555,35.418,,46.963,113.0,,,True,OK
2018-02-11,OWG 2018 TR D3 R6,training,W,LAT,ZIRNE Ulla,1,4.448,16.597,24.599,35.441,,46.958,111.9,,,True,OK
2018-02-11,OWG 2018 TR D3 R6,training,W,CZE,NOSKOVA Tereza,1,4.464,16.677,24.763,36.319,,48.85,107.6,,,True,OK
2018-02-11,OWG 2018 TR D3 R6,training,W,ARG,RAVENNA Veronica Maria,1,4.462,16.685,24.73,35.686,,47.482,110.1,,,True,OK
